AvgCyclomatic,AvgCyclomaticModified,AvgCyclomaticStrict,AvgEssential,AvgLine,AvgLineBlank,AvgLineCode,AvgLineComment,CountLine,CountLineBlank,CountLineCode,CountLineCodeDecl,CountLineCodeExe,CountLineComment,CountSemicolon,CountStmt,CountStmtDecl,CountStmtExe,MaxCyclomatic,MaxCyclomaticModified,MaxCyclomaticStrict,RatioCommentToCode,SumCyclomatic,SumCyclomaticModified,SumCyclomaticStrict,SumEssential
-0.4946491664836884,-0.5418661917092132,-0.518903195308599,-0.3749012653703664,-0.5939756409475613,-0.39980151136092423,-0.578815280646935,-0.3927824138889741,-0.6309291111680534,-0.7188857949229168,-0.6303357896042878,-0.45092803371978407,-0.586872075037065,-0.4403751734034297,-0.6863181510686309,-0.702862182513438,-0.7993724723887687,-0.6218336764128988,-0.5958417370288477,-0.6442153043602643,-0.6112603552780246,-0.4292120728701216,-0.6774196809970853,-0.6866022436912195,-0.6605884709359995,-0.6812087798764042
-0.4946491664836884,-0.5418661917092132,-0.518903195308599,-0.3749012653703664,-0.5939756409475613,-0.39980151136092423,-0.578815280646935,-0.3927824138889741,-0.3610065229508453,-0.42988127506197477,-0.307516376749747,-0.15480750586008726,-0.3423663872291887,-0.4403751734034297,-0.4848044844019644,-0.45941271147526397,-0.45738464356614766,-0.44089786442922907,-0.22352405588428217,-0.43075203842616255,-0.3141494857265109,-0.4292120728701216,-0.2979014259806459,-0.35552373351173405,-0.33677438591495606,-0.25768287550756463
-0.4946491664836884,-0.5418661917092132,-0.518903195308599,-0.3749012653703664,-0.4042570332493705,-0.39980151136092423,-0.353899593598892,-0.3927824138889741,-0.567417913940475,-0.7188857949229168,-0.5470275540289224,-0.36632216861701355,-0.5053701791011062,-0.4403751734034297,-0.5295852992167792,-0.5463589511317547,-0.5550954518011822,-0.5184417838508019,-0.5958417370288477,-0.6442153043602643,-0.6112603552780246,-0.4292120728701216,-0.6141666384943454,-0.6203865416553224,-0.6066194567658255,-0.5753273037841943
0.0035714741262360514,0.04638543275331791,0.3203663205818308,-0.3749012653703664,0.07003948599610631,-0.39980151136092423,-0.016526063026827548,0.30521945537869327,1.5046348956092692,1.400480684057325,0.9316936274338128,0.4374335498593063,0.961663947746151,2.9725324204731502,1.0153528118943311,1.19256584199806,1.2036990964294407,1.1358284971427504,0.5211113064048488,0.6365642912443467,0.2800722533765165,1.1949559798399165,1.409930721593331,1.432300221457487,1.3362650533604346,1.118776313691164
-0.4946491664836884,-0.5418661917092132,-0.518903195308599,-0.3749012653703664,-0.5939756409475613,-0.39980151136092423,-0.578815280646935,-0.3927824138889741,-0.6309291111680534,-0.7188857949229168,-0.6303357896042878,-0.45092803371978407,-0.586872075037065,-0.4403751734034297,-0.6863181510686309,-0.702862182513438,-0.7993724723887687,-0.6218336764128988,-0.5958417370288477,-0.6442153043602643,-0.6112603552780246,-0.4292120728701216,-0.6774196809970853,-0.6866022436912195,-0.6605884709359995,-0.6812087798764042
-0.4946491664836884,-0.5418661917092132,-0.518903195308599,-0.3749012653703664,0.7340546129397738,-0.39980151136092423,0.9955945286893658,-0.3927824138889741,-0.5356623153266858,-0.8152206348765642,-0.4949599067943191,-0.40862510116839884,-0.3423663872291887,-0.4403751734034297,-0.3728524473649274,-0.4420234635439658,-0.6528062600362169,-0.3116579987266078,-0.5958417370288477,-0.6442153043602643,-0.6112603552780246,-0.4292120728701216,-0.6774196809970853,-0.6866022436912195,-0.6605884709359995,-0.6812087798764042
0.0035714741262360514,0.04638543275331791,-0.09926843736338407,0.602645024707505,-0.30939772940027516,-0.39980151136092423,-0.2414417500748705,-0.3927824138889741,0.19471645279046543,0.14812776465990932,0.1819195072555245,-0.006747241930238868,0.1873959363545431,0.14567966594911438,0.16451733041285005,0.25354645370796003,0.08002480172654268,0.33454132978649853,1.079587828121697,1.2769540890466522,1.1714048620310575,0.08639683275211275,0.5243881265549727,0.571496094990825,0.5267298408078263,1.118776313691164
0.5017921147361605,0.6346370572158491,0.3203663205818308,-0.3749012653703664,0.07003948599610631,-0.39980151136092423,0.09593178049719393,-0.3927824138889741,-0.22604522884224126,-0.2372115951546801,-0.15131343504593697,-0.13365603958439465,-0.13861164738929185,-0.4403751734034297,-0.19372918810566825,-0.0942385049180029,-0.06654141062600923,-0.10487421360241378,0.7072701469771316,0.8500275571784485,0.5771831229280302,-0.4292120728701216,0.08161682903579345,0.10798618073954545,0.0949777274464351,-0.3635643515997745
-0.4946491664836884,-0.5418661917092132,-0.518903195308599,-0.3749012653703664,-0.11967912170208442,-0.39980151136092423,-0.016526063026827548,-0.3927824138889741,-0.1466562323077683,-0.33354643510832743,-0.036764611129809596,-0.15480750586008726,0.2077714103385328,-0.4403751734034297,-0.39524285477233484,-0.37246647181877324,-0.3596738353311131,-0.3633539450076563,-0.5958417370288477,-0.6442153043602643,-0.6112603552780246,-0.4292120728701216,-0.3611544684833858,-0.35552373351173405,-0.39074340008513,-0.1518013994153547
1.4982333959560095,1.8111403061409113,1.5792705944174754,-0.3749012653703664,1.01863252448706,-0.39980151136092423,1.2205102157374088,-0.3927824138889741,-0.11490063369397911,-0.33354643510832743,-0.015937552235968253,-0.21826190468716516,0.08551856643459468,-0.3714275452443068,-0.08177715106863129,-0.007292265261512166,-0.26196302709607844,0.1277575446623045,1.2657466686939798,1.490417354980754,1.4685157315825712,-0.35187073702678645,0.27137595654401314,0.3066332868472367,0.3648227982973046,-0.25768287550756463
0.5017921147361605,0.04638543275331791,0.3203663205818308,-0.3749012653703664,0.6391953090906785,-0.39980151136092423,0.6582209981173014,0.30521945537869327,4.092716182633088,4.579530402527688,4.388985403811476,2.446822846050106,5.016383270560099,1.6280536713702554,5.806899997079514,5.626824064479087,5.20984223406586,5.6075278504534465,0.8934289875494144,1.0634908231125502,1.0228494272553008,-0.119846729496781,4.1930645917138865,3.9484968988215763,4.1426537902094775,2.6011169789821027
0.0035714741262360514,0.04638543275331791,-0.09926843736338407,-0.3749012653703664,0.25975809369429703,1.6468887945050914,0.2083896240212154,-0.3927824138889741,-0.3292509243370561,-0.044541915247385384,-0.307516376749747,-0.15480750586008726,-0.3423663872291887,-0.4403751734034297,-0.30568122514270524,-0.30290948009358065,-0.16425221886104385,-0.3633539450076563,0.14879362526028334,0.20963775937614296,-0.01703861617499723,-0.4292120728701216,-0.2979014259806459,-0.289308031475837,-0.33677438591495606,-0.4694458276919844
-0.4946491664836884,-0.5418661917092132,-0.518903195308599,-0.3749012653703664,-0.5939756409475613,-0.39980151136092423,-0.578815280646935,-0.3927824138889741,-0.3213120246836088,-0.33354643510832743,-0.27627578840898503,-0.09135310703300939,-0.36274186121317836,-0.4059013593238683,-0.4176332621797422,-0.3898557197500714,-0.3596738353311131,-0.38920191814818056,-0.22352405588428217,-0.43075203842616255,-0.3141494857265109,-0.3776511823078982,-0.234648383477906,-0.289308031475837,-0.28280537174478215,-0.1518013994153547
0.5017921147361605,0.04638543275331791,0.3203663205818308,0.602645024707505,0.07003948599610631,-0.39980151136092423,0.09593178049719393,0.30521945537869327,-0.488028917406002,-0.9115554748302116,-0.4324787301127951,-0.3874736348927062,-0.321990913245199,-0.3714275452443068,-0.4848044844019644,-0.49419120733786026,-0.6528062600362169,-0.38920191814818056,0.14879362526028334,-0.2172887724920607,-0.01703861617499723,-0.22296851062122786,-0.3611544684833858,-0.4879551375835282,-0.39074340008513,-0.25768287550756463
-0.4946491664836884,-0.5418661917092132,-0.518903195308599,-0.3749012653703664,-0.4042570332493705,0.6235436415720836,-0.4663574371229135,-0.3927824138889741,-0.6150513118611588,-0.6225509549692695,-0.6199222601573672,-0.3874736348927062,-0.6276230230050442,-0.4403751734034297,-0.6639277436612235,-0.6680836866508417,-0.6039508559186996,-0.6735296226939473,-0.5958417370288477,-0.6442153043602643,-0.6112603552780246,-0.4292120728701216,-0.6774196809970853,-0.6866022436912195,-0.6605884709359995,-0.6812087798764042
-0.4946491664836884,-0.5418661917092132,-0.518903195308599,-0.3749012653703664,0.07003948599610631,-0.39980151136092423,0.2083896240212154,1.0032213246463606,-0.353067623297398,-0.42988127506197477,-0.307516376749747,-0.21826190468716516,-0.22011354332525057,-0.13011084668737694,-0.14894837329085348,-0.23335248836838807,-0.3596738353311131,-0.1565701598834623,-0.5958417370288477,-0.6442153043602643,-0.6112603552780246,0.18951861387655955,-0.5509135959916055,-0.5541708396194253,-0.5526504425956517,-0.4694458276919844
0.0035714741262360514,0.04638543275331791,-0.09926843736338407,-0.3749012653703664,-0.4042570332493705,-0.39980151136092423,-0.353899593598892,-0.3927824138889741,-0.488028917406002,-0.6225509549692695,-0.5262004951350812,-0.3451707023413209,-0.5461211270690856,-0.19905847484649977,-0.5519757066241866,-0.5637481990630528,-0.5062400476836649,-0.5701377301318503,-0.22352405588428217,-0.2172887724920607,-0.16559405095075408,0.6277861836554587,-0.4876605534888656,-0.4879551375835282,-0.44471241425530383,-0.5753273037841943
-0.4946491664836884,-0.5418661917092132,-0.518903195308599,-0.3749012653703664,-0.6888349447966566,-0.39980151136092423,-0.6912731241709564,-0.3927824138889741,-0.45627331879221283,-0.42988127506197477,-0.4324787301127951,-0.3028677697899357,-0.4238682831651474,-0.4403751734034297,-0.4400236695871496,-0.45941271147526397,-0.5062400476836649,-0.4150498912887048,-0.5958417370288477,-0.6442153043602643,-0.6112603552780246,-0.4292120728701216,-0.42440751098612567,-0.42173943554763116,-0.44471241425530383,-0.25768287550756463
-0.4946491664836884,-0.5418661917092132,-0.518903195308599,-0.3749012653703664,-0.783694248645752,-0.39980151136092423,-0.8037309676949779,-0.3927824138889741,-0.6706236094352899,-0.9115554748302116,-0.6615763779450499,-0.4720794999954767,-0.6276230230050442,-0.4403751734034297,-0.7310989658834457,-0.7202514304447362,-0.7505170682712515,-0.6735296226939473,-0.5958417370288477,-0.6442153043602643,-0.6112603552780246,-0.4292120728701216,-0.6774196809970853,-0.6866022436912195,-0.6605884709359995,-0.6812087798764042
-0.4946491664836884,-0.5418661917092132,-0.518903195308599,-0.3749012653703664,-0.6888349447966566,-0.39980151136092423,-0.6912731241709564,-0.3927824138889741,-0.6626847097818426,-0.9115554748302116,-0.6511628484981292,-0.45092803371978407,-0.6276230230050442,-0.4403751734034297,-0.7087085584760383,-0.702862182513438,-0.7016616641537342,-0.6735296226939473,-0.5958417370288477,-0.6442153043602643,-0.6112603552780246,-0.4292120728701216,-0.6774196809970853,-0.6866022436912195,-0.6605884709359995,-0.6812087798764042
3.4911159583957074,3.575895179528505,2.83817486825312,5.490376475096862,2.2518034745252993,0.6235436415720836,2.3450886509776234,3.7952288017170304,2.6954698436263635,1.7858200438719145,2.8686101045610575,0.966220206751622,3.9364831494086454,2.7312157219162203,3.1424415155980334,3.453168073066819,1.887674754074683,4.134193381443564,2.9411762338445246,3.4115867483876703,2.2112929054613555,0.26685994971989474,4.9521011017467655,4.544438217144649,4.250591818549825,6.836376022670499
-0.4946491664836884,-0.5418661917092132,-0.518903195308599,-0.3749012653703664,-0.783694248645752,-0.39980151136092423,-0.8037309676949779,-0.3927824138889741,-0.5039067167128967,-0.33354643510832743,-0.5053734362412398,-0.3240192360656283,-0.5257456530850959,-0.4403751734034297,-0.5519757066241866,-0.5463589511317547,-0.5062400476836649,-0.5442897569913261,-0.5958417370288477,-0.6442153043602643,-0.6112603552780246,-0.4292120728701216,-0.4876605534888656,-0.4879551375835282,-0.49868142842547775,-0.3635643515997745
1.4982333959560095,1.8111403061409113,1.5792705944174754,-0.3749012653703664,1.303210436034346,-0.39980151136092423,1.6703415898334946,-0.3927824138889741,0.37731114481975325,-0.2372115951546801,0.640114802920034,0.07785862317253164,0.900537525794182,-0.4403751734034297,1.0825240341165532,0.9143378750972896,0.6662896511367503,1.0065886314401291,0.7072701469771316,0.8500275571784485,0.725738557703787,-0.4292120728701216,1.0304124665768917,1.1012217112780016,1.0124509683393912,0.059961552769065084
0.0035714741262360514,0.04638543275331791,-0.09926843736338407,0.602645024707505,-0.02481981785298906,-0.39980151136092423,0.09593178049719393,-0.3927824138889741,-0.4959678170594493,-0.6225509549692695,-0.4637193184535571,-0.28171630351424304,-0.4849947051171165,-0.4403751734034297,-0.5071948918093718,-0.49419120733786026,-0.40852923944863034,-0.5184417838508019,-0.037365215311999427,-0.0038255065579588738,-0.16559405095075408,-0.4292120728701216,-0.42440751098612567,-0.42173943554763116,-0.44471241425530383,-0.25768287550756463
1.0000127553460851,1.2228886816783802,0.7400010785270457,2.557737604863248,0.16489878984520168,0.6235436415720836,0.2083896240212154,-0.3927824138889741,-0.45627331879221283,-0.42988127506197477,-0.4324787301127951,-0.36632216861701355,-0.321990913245199,-0.4403751734034297,-0.5295852992167792,-0.4420234635439658,-0.6528062600362169,-0.3116579987266078,0.5211113064048488,0.6365642912443467,0.2800722533765165,-0.4292120728701216,-0.234648383477906,-0.22309232943993992,-0.28280537174478215,0.059961552769065084
-0.4946491664836884,-0.5418661917092132,-0.518903195308599,-0.3749012653703664,-0.783694248645752,-0.39980151136092423,-0.8037309676949779,-0.3927824138889741,-0.5753568135939223,-0.6225509549692695,-0.5678546129227638,-0.36632216861701355,-0.586872075037065,-0.4403751734034297,-0.6415373362538161,-0.6159159428569473,-0.5550954518011822,-0.6218336764128988,-0.5958417370288477,-0.6442153043602643,-0.6112603552780246,-0.4292120728701216,-0.5509135959916055,-0.5541708396194253,-0.5526504425956517,-0.4694458276919844
-0.4946491664836884,-0.5418661917092132,-0.518903195308599,-0.3749012653703664,-0.5939756409475613,-0.39980151136092423,-0.578815280646935,-0.3927824138889741,-0.6309291111680534,-0.7188857949229168,-0.6303357896042878,-0.45092803371978407,-0.586872075037065,-0.4403751734034297,-0.6863181510686309,-0.702862182513438,-0.7993724723887687,-0.6218336764128988,-0.5958417370288477,-0.6442153043602643,-0.6112603552780246,-0.4292120728701216,-0.6774196809970853,-0.6866022436912195,-0.6605884709359995,-0.6812087798764042
1.0000127553460851,0.6346370572158491,0.7400010785270457,0.602645024707505,0.7340546129397738,0.6235436415720836,0.8831366851653443,-0.3927824138889741,0.559905836849041,0.9188064842890882,0.6921824501546373,0.37397915103222845,0.7375337339222645,-0.23353228892606118,0.9481815896721089,0.9143378750972896,0.9105666717243368,0.8773487657375079,0.8934289875494144,1.0634908231125502,1.0228494272553008,-0.32609029174567467,1.0304124665768917,0.9025746051703104,0.9584819541692174,1.224657789783374
-0.4946491664836884,-0.5418661917092132,-0.518903195308599,-0.3749012653703664,-0.02481981785298906,-0.39980151136092423,-0.016526063026827548,0.30521945537869327,-0.5039067167128967,-0.7188857949229168,-0.4845463773473984,-0.42977656744409143,-0.3423663872291887,-0.3714275452443068,-0.462414076994557,-0.4768019594065621,-0.7016616641537342,-0.33750597186713205,-0.4096828964565649,-0.43075203842616255,-0.4627049205022678,-0.17140762005900442,-0.5509135959916055,-0.5541708396194253,-0.5526504425956517,-0.5753273037841943
-0.4946491664836884,-0.5418661917092132,-0.518903195308599,-0.3749012653703664,2.8209592976198716,-0.39980151136092423,3.3572092426938167,0.30521945537869327,1.337918002886876,-0.42988127506197477,1.8272571598689906,1.3257951334383966,1.7766829071057384,-0.061163218528254105,2.4035580711535895,1.8185787675247933,0.6662896511367503,2.3506832347473905,-0.037365215311999427,-0.0038255065579588738,-0.16559405095075408,-0.300309846464563,-0.17139534097516612,-0.15687662740404285,-0.22883635757460827,0.16584302886127497
1.4982333959560095,1.8111403061409113,1.5792705944174754,0.602645024707505,0.7340546129397738,-0.39980151136092423,0.7706788416413228,0.30521945537869327,0.17089975383012354,-0.044541915247385384,0.27564127227781055,0.05670715689683902,0.1873959363545431,-0.16458466076693834,0.07495570078322047,0.30571419750185447,0.4220126305491638,0.2311494372244015,0.8934289875494144,1.0634908231125502,0.725738557703787,-0.19718806534011615,0.9671594240741519,1.0350060092421045,0.9045129399990435,0.5893689332301145
-0.4946491664836884,-0.5418661917092132,-0.518903195308599,-0.3749012653703664,-0.783694248645752,-0.39980151136092423,-0.9161888112189994,-0.3927824138889741,-0.6150513118611588,-0.6225509549692695,-0.6303357896042878,-0.40862510116839884,-0.6276230230050442,-0.4059013593238683,-0.7087085584760383,-0.702862182513438,-0.7016616641537342,-0.6735296226939473,-0.5958417370288477,-0.6442153043602643,-0.6112603552780246,-0.06828583893455753,-0.6141666384943454,-0.6203865416553224,-0.6066194567658255,-0.5753273037841943
0.0035714741262360514,0.04638543275331791,-0.09926843736338407,-0.3749012653703664,-0.49911633709846587,-0.39980151136092423,-0.578815280646935,-0.3927824138889741,-0.40863992087152906,-0.42988127506197477,-0.3908246123251124,-0.3451707023413209,-0.40349280918115776,-0.3714275452443068,-0.574366114031594,-0.4420234635439658,-0.5062400476836649,-0.38920191814818056,-0.22352405588428217,-0.2172887724920607,0.13151681860075962,-0.24874895590233956,-0.10814229847242623,-0.09066092536814578,-0.0129603008939127,-0.04591992332314482
-0.4946491664836884,-0.5418661917092132,-0.518903195308599,-0.3749012653703664,-0.5939756409475613,-0.39980151136092423,-0.578815280646935,-0.3927824138889741,-0.04345053681295345,0.6298019644281461,-0.38041108287819175,-0.1759589721357799,-0.4646192311331268,0.8006821334607813,-0.3728524473649274,-0.37246647181877324,-0.16425221886104385,-0.4667458375697533,-0.22352405588428217,-0.2172887724920607,-0.16559405095075408,2.561319579738837,-0.3611544684833858,-0.35552373351173405,-0.33677438591495606,-0.1518013994153547
0.0035714741262360514,0.04638543275331791,-0.09926843736338407,-0.3749012653703664,-0.02481981785298906,0.6235436415720836,-0.016526063026827548,-0.3927824138889741,-0.138717332654321,0.340797444567204,-0.09924578781133361,-0.13365603958439465,-0.03673427746934342,-0.4403751734034297,0.05256529337581309,0.027486230601084127,-0.06654141062600923,0.07606159838125598,0.14879362526028334,0.20963775937614296,-0.01703861617499723,-0.4292120728701216,-0.10814229847242623,-0.09066092536814578,-0.17486734340443438,-0.25768287550756463
-0.4946491664836884,-0.5418661917092132,-0.518903195308599,-0.3749012653703664,-0.5939756409475613,-0.39980151136092423,-0.6912731241709564,-0.3927824138889741,-0.26573972710947774,0.14812776465990932,-0.2554487295151437,-0.21826190468716516,-0.2812399652772196,-0.4059013593238683,-0.3280716325501126,-0.2507417362996862,-0.26196302709607844,-0.23411407930503503,-0.4096828964565649,-0.43075203842616255,-0.4627049205022678,-0.3776511823078982,-0.044889255969686334,-0.0244452233322487,-0.12089832923426048,0.059961552769065084
-0.4946491664836884,-0.5418661917092132,-0.518903195308599,-0.3749012653703664,-0.11967912170208442,-0.39980151136092423,-0.016526063026827548,0.30521945537869327,0.6948671309576451,0.7261368043817934,0.6505283323669546,-0.112504573308702,1.2061696355540272,1.2488417164950798,1.1496952563387755,1.0360626106163766,0.031169397609025377,1.523548094250614,-0.037365215311999427,-0.0038255065579588738,-0.16559405095075408,0.5504448478121235,0.5243881265549727,0.571496094990825,0.3648227982973046,0.48348745713790464
-0.4946491664836884,-0.5418661917092132,-0.518903195308599,-0.3749012653703664,-0.5939756409475613,-0.39980151136092423,-0.578815280646935,-0.3927824138889741,-0.43245661983187095,-0.42988127506197477,-0.40123814177203304,-0.19711043841147252,-0.4238682831651474,-0.4403751734034297,-0.4848044844019644,-0.5115804552691584,-0.31081843121359576,-0.5959857032723745,-0.5958417370288477,-0.6442153043602643,-0.6112603552780246,-0.4292120728701216,-0.5509135959916055,-0.5541708396194253,-0.5526504425956517,-0.4694458276919844
1.4982333959560095,1.8111403061409113,1.9989053523626903,1.5801913147853763,1.7775069552798226,0.6235436415720836,1.6703415898334946,1.701223193914028,3.648137802040039,3.4235123230839193,3.3788730474601705,1.4950068636439378,3.6716019876167794,3.69648251614394,4.127619441523959,4.270462725837832,3.7930355146578583,4.3409771665677575,2.0103820309831106,2.3442704187171612,3.1026255141158963,0.36998173084434155,4.1930645917138865,4.412006813072856,5.222034073612955,4.083457644273041
-0.4946491664836884,-0.5418661917092132,-0.518903195308599,-0.3749012653703664,-0.5939756409475613,-0.39980151136092423,-0.578815280646935,-0.3927824138889741,-0.6309291111680534,-0.7188857949229168,-0.6303357896042878,-0.45092803371978407,-0.586872075037065,-0.4403751734034297,-0.6863181510686309,-0.702862182513438,-0.7993724723887687,-0.6218336764128988,-0.5958417370288477,-0.6442153043602643,-0.6112603552780246,-0.4292120728701216,-0.6774196809970853,-0.6866022436912195,-0.6605884709359995,-0.6812087798764042
0.0035714741262360514,0.04638543275331791,-0.09926843736338407,-0.3749012653703664,-0.11967912170208442,-0.39980151136092423,-0.016526063026827548,-0.3927824138889741,-0.059328336119848044,-0.2372115951546801,0.04654362444555577,-0.049050174481624124,0.12626951440257406,-0.3714275452443068,0.14212692300544266,0.131821718188873,-0.017686006508491926,0.20530146408387726,-0.22352405588428217,-0.2172887724920607,-0.16559405095075408,-0.35187073702678645,0.018363786533053556,0.041770478703648375,-0.0129603008939127,-0.1518013994153547
-0.4946491664836884,-0.5418661917092132,-0.518903195308599,-0.3749012653703664,-0.4042570332493705,-0.39980151136092423,-0.4663574371229135,-0.3927824138889741,0.13120525556288706,0.6298019644281461,0.20274656614936584,0.05670715689683902,0.2077714103385328,-0.3714275452443068,0.3436405896721092,0.4622174288835378,0.4220126305491638,0.4637811954891198,-0.037365215311999427,-0.0038255065579588738,-0.16559405095075408,-0.3776511823078982,0.5876411690577126,0.6377117970267221,0.41879181246747843,0.6952504093223245
-0.4946491664836884,-0.5418661917092132,-0.518903195308599,-0.3749012653703664,-0.49911633709846587,-0.39980151136092423,-0.4663574371229135,-0.3927824138889741,0.2264720514042546,0.4371322845208514,0.17150597780860383,0.14131302199960954,0.04476761846661532,0.21462729410823722,0.0077844785609982965,0.14921096612017115,0.17773560996157728,0.1277575446623045,-0.037365215311999427,-0.0038255065579588738,-0.16559405095075408,0.16373816859544787,0.5243881265549727,0.571496094990825,0.47276082663765234,0.48348745713790464
-0.4946491664836884,-0.5418661917092132,-0.518903195308599,-0.3749012653703664,-0.8785535524948473,-0.39980151136092423,-0.9161888112189994,-0.3927824138889741,-0.138717332654321,-0.044541915247385384,-0.45330578900663643,-0.07020164075731676,-0.647998496989034,0.8696297616199041,-0.574366114031594,-0.5985266949256491,-0.3596738353311131,-0.6993775958344716,-0.5958417370288477,-0.6442153043602643,-0.6112603552780246,3.644098281545529,-0.6774196809970853,-0.6866022436912195,-0.6605884709359995,-0.6812087798764042
-0.4946491664836884,-0.5418661917092132,-0.518903195308599,-0.3749012653703664,-0.783694248645752,-0.39980151136092423,-0.8037309676949779,-0.3927824138889741,-0.5356623153266858,-0.42988127506197477,-0.5366140245820018,-0.3451707023413209,-0.5461211270690856,-0.4403751734034297,-0.5967565214390014,-0.581137446994351,-0.5550954518011822,-0.5701377301318503,-0.5958417370288477,-0.6442153043602643,-0.6112603552780246,-0.4292120728701216,-0.4876605534888656,-0.4879551375835282,-0.49868142842547775,-0.3635643515997745
0.5017921147361605,0.6346370572158491,0.3203663205818308,0.602645024707505,1.3980697398834414,0.6235436415720836,1.1080523722133873,3.097226932449363,-0.24192302814913585,-0.42988127506197477,-0.2554487295151437,-0.049050174481624124,-0.36274186121317836,-0.09563703260781552,-0.3280716325501126,-0.3550772238874751,-0.31081843121359576,-0.3633539450076563,0.3349524658325661,0.4231010253102448,0.13151681860075962,0.16373816859544787,-0.2979014259806459,-0.289308031475837,-0.33677438591495606,-0.3635643515997745
0.5017921147361605,0.6346370572158491,0.7400010785270457,-0.3749012653703664,0.5443360052415831,-0.39980151136092423,0.6582209981173014,-0.3927824138889741,0.6313559337300667,0.6298019644281461,0.8379718624115268,0.4797364824106916,0.900537525794182,-0.2680061030056226,0.9481815896721089,0.9838948668224822,1.0571328840768888,0.9031967388780322,0.5211113064048488,0.6365642912443467,0.5771831229280302,-0.35187073702678645,1.1569185515823714,0.8363589031344133,1.2822960391902607,0.5893689332301145
1.0000127553460851,1.2228886816783802,0.7400010785270457,0.602645024707505,0.8289139167888692,-0.39980151136092423,0.9955945286893658,-0.3927824138889741,0.20265535244391272,-0.044541915247385384,0.3485359784062552,0.1836159545509948,0.28927330627449155,-0.302479917085184,0.4108118118943314,0.44482818095223964,0.617434247019233,0.33454132978649853,2.0103820309831106,2.3442704187171612,1.617071166358328,-0.32609029174567467,0.6508942115604525,0.7039274990626191,0.5267298408078263,0.2717245049534849
-0.4946491664836884,-0.5418661917092132,-0.518903195308599,-0.3749012653703664,-0.783694248645752,-0.39980151136092423,-0.8037309676949779,-0.3927824138889741,-0.3610065229508453,-0.044541915247385384,-0.3491704945374297,-0.15480750586008726,-0.4442437571491371,-0.4403751734034297,-0.4176332621797422,-0.3898557197500714,-0.26196302709607844,-0.44089786442922907,-0.5958417370288477,-0.6442153043602643,-0.6112603552780246,-0.4292120728701216,-0.2979014259806459,-0.289308031475837,-0.33677438591495606,-0.04591992332314482
0.0035714741262360514,0.04638543275331791,-0.09926843736338407,-0.3749012653703664,0.07003948599610631,0.6235436415720836,-0.016526063026827548,-0.3927824138889741,0.09944965694909788,0.5334671244744987,0.15067891891476248,0.22591888710238006,0.00401667049863595,-0.302479917085184,0.4108118118943314,0.34049269336445076,0.7151450552542676,0.1277575446623045,-0.037365215311999427,-0.0038255065579588738,-0.01703861617499723,-0.300309846464563,0.20812291404127323,0.2404175848113396,0.31085378412713066,0.16584302886127497
0.0035714741262360514,0.04638543275331791,-0.09926843736338407,0.602645024707505,-0.02481981785298906,0.6235436415720836,-0.016526063026827548,-0.3927824138889741,-0.488028917406002,-0.5262161150156222,-0.4637193184535571,-0.3451707023413209,-0.4238682831651474,-0.4403751734034297,-0.5519757066241866,-0.5463589511317547,-0.6039508559186996,-0.4925938107102776,-0.22352405588428217,-0.2172887724920607,-0.3141494857265109,-0.4292120728701216,-0.4876605534888656,-0.4879551375835282,-0.49868142842547775,-0.3635643515997745
-0.4946491664836884,-0.5418661917092132,-0.518903195308599,-0.3749012653703664,-0.5939756409475613,-0.39980151136092423,-0.578815280646935,-0.3927824138889741,-0.6388680108215007,-0.8152206348765642,-0.6303357896042878,-0.45092803371978407,-0.586872075037065,-0.4403751734034297,-0.6863181510686309,-0.702862182513438,-0.7993724723887687,-0.6218336764128988,-0.5958417370288477,-0.6442153043602643,-0.6112603552780246,-0.4292120728701216,-0.6774196809970853,-0.6866022436912195,-0.6605884709359995,-0.6812087798764042
-0.4946491664836884,-0.5418661917092132,-0.518903195308599,-0.3749012653703664,-0.30939772940027516,-0.39980151136092423,-0.2414417500748705,-0.3927824138889741,-0.6071124122077115,-0.7188857949229168,-0.5990952012635258,-0.42977656744409143,-0.5461211270690856,-0.4403751734034297,-0.6191469288464088,-0.6333051907882454,-0.7016616641537342,-0.5701377301318503,-0.5958417370288477,-0.6442153043602643,-0.6112603552780246,-0.4292120728701216,-0.6774196809970853,-0.6866022436912195,-0.6605884709359995,-0.6812087798764042
-0.9928698070936129,-1.1301178161717442,-0.9385379532538138,-1.3524475554482378,-1.068272160193038,-0.39980151136092423,-1.1411044982670424,-0.3927824138889741,-0.6706236094352899,-0.9115554748302116,-0.6615763779450499,-0.42977656744409143,-0.647998496989034,-0.4403751734034297,-0.7087085584760383,-0.7202514304447362,-0.7016616641537342,-0.6993775958344716,-0.7820005776011304,-0.8576785702943662,-0.7598157900537815,-0.4292120728701216,-0.7406727234998252,-0.7528179457271166,-0.7145574851061733,-0.787090255968614
0.5017921147361605,0.6346370572158491,0.3203663205818308,-0.3749012653703664,1.01863252448706,-0.39980151136092423,0.8831366851653443,1.701223193914028,0.09151075729565059,-0.42988127506197477,0.1090248011270798,0.03555569062114639,0.16702046237055343,0.18015348002867582,0.25407896004247965,0.23615720577666188,0.3731572264316465,0.15360551780282874,0.14879362526028334,0.20963775937614296,0.13151681860075962,0.16373816859544787,0.018363786533053556,0.041770478703648375,-0.0129603008939127,-0.3635643515997745
-0.4946491664836884,-0.5418661917092132,-0.518903195308599,-0.3749012653703664,-0.4042570332493705,-0.39980151136092423,-0.353899593598892,-0.3927824138889741,-0.39276212156463447,-0.33354643510832743,-0.44289225955971573,-0.2605648372385504,-0.4646192311331268,-0.16458466076693834,-0.4848044844019644,-0.4768019594065621,-0.3596738353311131,-0.5184417838508019,-0.4096828964565649,-0.43075203842616255,-0.3141494857265109,0.39576217612545334,-0.4876605534888656,-0.4879551375835282,-0.44471241425530383,-0.4694458276919844
-0.4946491664836884,-0.5418661917092132,-0.518903195308599,-0.3749012653703664,-0.783694248645752,-0.39980151136092423,-0.8037309676949779,-0.3927824138889741,-0.6706236094352899,-0.9115554748302116,-0.6615763779450499,-0.4720794999954767,-0.6276230230050442,-0.4403751734034297,-0.7310989658834457,-0.7202514304447362,-0.7505170682712515,-0.6735296226939473,-0.5958417370288477,-0.6442153043602643,-0.6112603552780246,-0.4292120728701216,-0.6774196809970853,-0.6866022436912195,-0.6605884709359995,-0.6812087798764042
-0.4946491664836884,-0.5418661917092132,-0.518903195308599,-0.3749012653703664,-0.30939772940027516,-0.39980151136092423,-0.4663574371229135,0.30521945537869327,-0.4800900177525547,-0.33354643510832743,-0.5053734362412398,-0.3240192360656283,-0.5053701791011062,-0.3369537311647454,-0.5295852992167792,-0.5289697032004566,-0.45738464356614766,-0.5442897569913261,-0.4096828964565649,-0.43075203842616255,-0.4627049205022678,-0.01672494837233413,-0.5509135959916055,-0.5541708396194253,-0.5526504425956517,-0.5753273037841943
-0.4946491664836884,-0.5418661917092132,-0.518903195308599,-0.3749012653703664,-0.5939756409475613,-0.39980151136092423,-0.578815280646935,-0.3927824138889741,-0.646806910474948,-0.8152206348765642,-0.6407493190512085,-0.45092803371978407,-0.586872075037065,-0.4403751734034297,-0.6863181510686309,-0.702862182513438,-0.7993724723887687,-0.6218336764128988,-0.5958417370288477,-0.6442153043602643,-0.6112603552780246,-0.4292120728701216,-0.6774196809970853,-0.6866022436912195,-0.6605884709359995,-0.6812087798764042
0.0035714741262360514,0.04638543275331791,-0.09926843736338407,-0.3749012653703664,0.5443360052415831,0.6235436415720836,0.4333053110692584,0.30521945537869327,0.21853315175080731,0.5334671244744987,0.21316009559628651,0.07785862317253164,0.3503997282264606,0.0077844096308687305,0.612325478560998,0.5143851726774322,0.4708680346666811,0.5154771417701682,0.5211113064048488,0.6365642912443467,0.2800722533765165,-0.04250539365344587,-0.044889255969686334,-0.0244452233322487,-0.12089832923426048,-0.25768287550756463
-0.4946491664836884,-0.5418661917092132,-0.518903195308599,-0.3749012653703664,-0.783694248645752,-0.39980151136092423,-0.9161888112189994,-0.3927824138889741,-0.6150513118611588,-0.6225509549692695,-0.6303357896042878,-0.40862510116839884,-0.6276230230050442,-0.4059013593238683,-0.7087085584760383,-0.702862182513438,-0.7016616641537342,-0.6735296226939473,-0.5958417370288477,-0.6442153043602643,-0.6112603552780246,-0.06828583893455753,-0.6141666384943454,-0.6203865416553224,-0.6066194567658255,-0.5753273037841943
0.5017921147361605,0.6346370572158491,0.3203663205818308,-0.3749012653703664,0.3546173975433924,-0.39980151136092423,0.5457631545932798,-0.3927824138889741,-0.567417913940475,-0.8152206348765642,-0.5366140245820018,-0.40862510116839884,-0.4849947051171165,-0.4403751734034297,-0.5295852992167792,-0.5463589511317547,-0.5062400476836649,-0.5442897569913261,-0.22352405588428217,-0.2172887724920607,-0.3141494857265109,-0.4292120728701216,-0.5509135959916055,-0.5541708396194253,-0.5526504425956517,-0.6812087798764042
1.4982333959560095,1.8111403061409113,1.5792705944174754,1.5801913147853763,1.2083511321852507,0.6235436415720836,1.3329680592614301,-0.3927824138889741,0.38525004447320055,0.5334671244744987,0.5359795084508273,0.1836159545509948,0.5541544680663575,-0.3369537311647454,0.6571062933758127,0.7926131395782026,1.0571328840768888,0.6188690343322653,1.4519055092662627,1.7038806209148558,1.4685157315825712,-0.35187073702678645,1.0936655090796317,1.1674374133138987,1.0664199825095653,1.0128948375989542
-0.4946491664836884,-0.5418661917092132,-0.518903195308599,-0.3749012653703664,-0.6888349447966566,-0.39980151136092423,-0.6912731241709564,-0.3927824138889741,-0.44833441913876554,-0.33354643510832743,-0.4324787301127951,-0.28171630351424304,-0.4442437571491371,-0.4403751734034297,-0.462414076994557,-0.4420234635439658,-0.40852923944863034,-0.44089786442922907,-0.4096828964565649,-0.43075203842616255,-0.3141494857265109,-0.4292120728701216,-0.3611544684833858,-0.35552373351173405,-0.33677438591495606,-0.25768287550756463
-0.4946491664836884,-0.5418661917092132,-0.518903195308599,-0.3749012653703664,-0.783694248645752,-0.39980151136092423,-0.8037309676949779,-0.3927824138889741,-0.567417913940475,-0.6225509549692695,-0.5574410834758431,-0.36632216861701355,-0.5664966010530752,-0.4403751734034297,-0.6191469288464088,-0.6159159428569473,-0.6039508559186996,-0.5959857032723745,-0.5958417370288477,-0.6442153043602643,-0.6112603552780246,-0.4292120728701216,-0.5509135959916055,-0.5541708396194253,-0.5526504425956517,-0.4694458276919844
0.0035714741262360514,0.04638543275331791,-0.09926843736338407,-0.3749012653703664,-0.4042570332493705,-0.39980151136092423,-0.353899593598892,0.30521945537869327,-0.1784118309215575,-0.33354643510832743,-0.33875696509050907,-0.3028677697899357,-0.3016154392612093,0.52489162082429,-0.39524285477233484,-0.33768797595617694,-0.45738464356614766,-0.2599620524455593,-0.037365215311999427,-0.0038255065579588738,-0.01703861617499723,1.6332235496188157,-0.17139534097516612,-0.15687662740404285,-0.17486734340443438,-0.3635643515997745
0.5017921147361605,0.6346370572158491,0.3203663205818308,-0.3749012653703664,0.44947670139248774,-0.39980151136092423,0.5457631545932798,-0.3927824138889741,0.37731114481975325,0.14812776465990932,0.57763362623851,0.37397915103222845,0.5949054160343368,-0.3714275452443068,0.9481815896721089,0.844780883372097,1.0082774799593714,0.7222609268943623,0.14879362526028334,0.20963775937614296,-0.01703861617499723,-0.3776511823078982,0.4611350840522328,0.5052803929549279,0.31085378412713066,-0.1518013994153547
-0.4946491664836884,-0.5418661917092132,-0.518903195308599,-0.3749012653703664,-0.6888349447966566,-0.39980151136092423,-0.6912731241709564,-0.3927824138889741,-0.4800900177525547,-0.33354643510832743,-0.47413284790047777,-0.3240192360656283,-0.4646192311331268,-0.4403751734034297,-0.5519757066241866,-0.5463589511317547,-0.5062400476836649,-0.5442897569913261,-0.5958417370288477,-0.6442153043602643,-0.6112603552780246,-0.4292120728701216,-0.4876605534888656,-0.4879551375835282,-0.49868142842547775,-0.3635643515997745
-0.4946491664836884,-0.5418661917092132,-0.518903195308599,-0.3749012653703664,-0.8785535524948473,-0.39980151136092423,-0.9161888112189994,-0.3927824138889741,-0.5753568135939223,-0.5262161150156222,-0.6407493190512085,-0.40862510116839884,-0.647998496989034,-0.23353228892606118,-0.7087085584760383,-0.7202514304447362,-0.7016616641537342,-0.6993775958344716,-0.5958417370288477,-0.6442153043602643,-0.6112603552780246,2.14883245524105,-0.6774196809970853,-0.6866022436912195,-0.6605884709359995,-0.6812087798764042
0.5017921147361605,0.6346370572158491,0.3203663205818308,-0.3749012653703664,0.6391953090906785,-0.39980151136092423,0.8831366851653443,-0.3927824138889741,-0.18635073057500479,-0.33354643510832743,-0.12007284670517496,-0.112504573308702,-0.09786069942131248,-0.3369537311647454,-0.17133878069826086,-0.14640624871189734,0.08002480172654268,-0.2599620524455593,0.3349524658325661,0.4231010253102448,0.13151681860075962,-0.300309846464563,-0.10814229847242623,-0.09066092536814578,-0.12089832923426048,-0.4694458276919844
-0.4946491664836884,-0.5418661917092132,-0.518903195308599,-0.3749012653703664,-0.783694248645752,-0.39980151136092423,-0.8037309676949779,-0.3927824138889741,-0.6706236094352899,-0.9115554748302116,-0.6615763779450499,-0.4720794999954767,-0.6276230230050442,-0.4403751734034297,-0.7310989658834457,-0.7202514304447362,-0.7505170682712515,-0.6735296226939473,-0.5958417370288477,-0.6442153043602643,-0.6112603552780246,-0.4292120728701216,-0.6774196809970853,-0.6866022436912195,-0.6605884709359995,-0.6812087798764042
-0.4946491664836884,-0.5418661917092132,-0.518903195308599,-0.3749012653703664,-0.783694248645752,-0.39980151136092423,-0.8037309676949779,-0.3927824138889741,-0.5436012149801331,-0.8152206348765642,-0.5053734362412398,-0.3240192360656283,-0.5257456530850959,-0.4403751734034297,-0.5519757066241866,-0.5463589511317547,-0.5062400476836649,-0.5442897569913261,-0.5958417370288477,-0.6442153043602643,-0.6112603552780246,-0.4292120728701216,-0.4876605534888656,-0.4879551375835282,-0.49868142842547775,-0.3635643515997745
-0.4946491664836884,-0.5418661917092132,-0.518903195308599,-0.3749012653703664,-0.49911633709846587,-0.39980151136092423,-0.4663574371229135,-0.3927824138889741,0.5757836361559356,1.400480684057325,0.7130095090484787,0.4162820835836137,0.8190356298582233,-0.4059013593238683,0.9929624044869236,0.9143378750972896,0.9594220758418541,0.8515007925969836,-0.4096828964565649,-0.43075203842616255,1.3199602968068143,-0.40343162758900986,0.5243881265549727,0.571496094990825,1.0124509683393912,1.224657789783374
0.0035714741262360514,0.04638543275331791,0.3203663205818308,-0.3749012653703664,0.07003948599610631,0.6235436415720836,0.09593178049719393,-0.3927824138889741,-0.3451287236439507,-0.044541915247385384,-0.32834343564358837,-0.23941337096285778,-0.321990913245199,-0.4403751734034297,-0.14894837329085348,-0.2507417362996862,-0.16425221886104385,-0.28581002558608354,0.14879362526028334,0.20963775937614296,0.2800722533765165,-0.4292120728701216,-0.2979014259806459,-0.289308031475837,-0.22883635757460827,-0.4694458276919844
0.0035714741262360514,0.04638543275331791,-0.09926843736338407,-0.3749012653703664,0.07003948599610631,-0.39980151136092423,0.09593178049719393,-0.3927824138889741,0.2582276500180438,0.6298019644281461,0.23398715449012786,0.014404224345453761,0.39115067619443994,0.07673203778999156,0.5227638489313684,0.3926604371583452,0.2265910140790946,0.4637811954891198,0.3349524658325661,-0.0038255065579588738,0.13151681860075962,0.009055496908777608,0.3978820415494929,0.17420188277544252,0.31085378412713066,0.2717245049534849
-0.4946491664836884,-0.5418661917092132,-0.518903195308599,-0.3749012653703664,-0.5939756409475613,-0.39980151136092423,-0.578815280646935,-0.3927824138889741,-0.6309291111680534,-0.7188857949229168,-0.6303357896042878,-0.45092803371978407,-0.586872075037065,-0.4403751734034297,-0.6863181510686309,-0.702862182513438,-0.7993724723887687,-0.6218336764128988,-0.5958417370288477,-0.6442153043602643,-0.6112603552780246,-0.4292120728701216,-0.6774196809970853,-0.6866022436912195,-0.6605884709359995,-0.6812087798764042
1.4982333959560095,1.8111403061409113,1.9989053523626903,2.557737604863248,1.872366259128918,0.6235436415720836,2.007715120405559,0.30521945537869327,0.7107449302645397,0.340797444567204,0.5047389201100653,0.3105247522051506,0.5541544680663575,1.2488417164950798,0.5899350711535906,0.5839421644026248,0.7151450552542676,0.489629168629644,1.079587828121697,1.2769540890466522,1.1714048620310575,0.6535666289365704,0.5876411690577126,0.6377117970267221,0.7965749116586958,1.118776313691164
-0.4946491664836884,-0.5418661917092132,-0.09926843736338407,-0.3749012653703664,-0.5939756409475613,-0.39980151136092423,-0.578815280646935,-0.3927824138889741,-0.5436012149801331,-0.6225509549692695,-0.5678546129227638,-0.3874736348927062,-0.5461211270690856,-0.302479917085184,-0.6191469288464088,-0.6159159428569473,-0.6528062600362169,-0.5701377301318503,-0.4096828964565649,-0.43075203842616255,-0.16559405095075408,0.36998173084434155,-0.5509135959916055,-0.5541708396194253,-0.44471241425530383,-0.5753273037841943
-0.4946491664836884,-0.5418661917092132,-0.518903195308599,-0.3749012653703664,-0.783694248645752,-0.39980151136092423,-0.8037309676949779,-0.3927824138889741,-0.6706236094352899,-0.9115554748302116,-0.6615763779450499,-0.4720794999954767,-0.6276230230050442,-0.4403751734034297,-0.7310989658834457,-0.7202514304447362,-0.7505170682712515,-0.6735296226939473,-0.5958417370288477,-0.6442153043602643,-0.6112603552780246,-0.4292120728701216,-0.6774196809970853,-0.6866022436912195,-0.6605884709359995,-0.6812087798764042
-0.4946491664836884,-0.5418661917092132,-0.518903195308599,-0.3749012653703664,-0.30939772940027516,-0.39980151136092423,-0.2414417500748705,-0.3927824138889741,-0.11490063369397911,-0.14087675520103274,-0.12007284670517496,-0.112504573308702,-0.09786069942131248,-0.09563703260781552,0.0077844785609982965,-0.02468151319281031,-0.017686006508491926,-0.027330294180841024,-0.037365215311999427,-0.0038255065579588738,-0.16559405095075408,0.03483594218988927,-0.10814229847242623,-0.09066092536814578,-0.17486734340443438,-0.1518013994153547
0.0035714741262360514,0.04638543275331791,-0.09926843736338407,-0.3749012653703664,-0.21453842555117977,-0.39980151136092423,-0.2414417500748705,0.30521945537869327,0.4487612417007789,0.340797444567204,0.4214306845346999,0.6700996788919252,0.08551856643459468,0.4214701785856057,-0.014605928846409098,0.06226472646368042,0.17773560996157728,-0.0014823210403167712,0.5211113064048488,0.6365642912443467,0.4286276881522733,0.16373816859544787,0.27137595654401314,0.3066332868472367,0.25688476995695675,0.37760598104569476
-0.4946491664836884,-0.5418661917092132,-0.518903195308599,-0.3749012653703664,-0.5939756409475613,-0.39980151136092423,-0.578815280646935,-0.3927824138889741,-0.646806910474948,-0.9115554748302116,-0.6303357896042878,-0.40862510116839884,-0.6276230230050442,-0.4403751734034297,-0.7087085584760383,-0.702862182513438,-0.7016616641537342,-0.6735296226939473,-0.5958417370288477,-0.6442153043602643,-0.6112603552780246,-0.4292120728701216,-0.6774196809970853,-0.6866022436912195,-0.6605884709359995,-0.6812087798764042
0.0035714741262360514,0.04638543275331791,-0.09926843736338407,-0.3749012653703664,0.6391953090906785,0.6235436415720836,0.4333053110692584,1.701223193914028,0.15502195452322895,0.5334671244744987,0.08819774223323845,0.14131302199960954,0.06514309245060501,0.2835749222673601,0.3436405896721092,0.23615720577666188,0.4708680346666811,0.10190957152178023,-0.037365215311999427,-0.0038255065579588738,-0.16559405095075408,0.2926403950010065,-0.10814229847242623,-0.09066092536814578,-0.17486734340443438,-0.25768287550756463
-0.4946491664836884,-0.5418661917092132,-0.518903195308599,-0.3749012653703664,-0.4042570332493705,-0.39980151136092423,-0.353899593598892,-0.3927824138889741,-0.6150513118611588,-0.7188857949229168,-0.6095087307104465,-0.45092803371978407,-0.5461211270690856,-0.4403751734034297,-0.6415373362538161,-0.6680836866508417,-0.7993724723887687,-0.5701377301318503,-0.5958417370288477,-0.6442153043602643,-0.6112603552780246,-0.4292120728701216,-0.6774196809970853,-0.6866022436912195,-0.6605884709359995,-0.6812087798764042
0.5017921147361605,0.6346370572158491,0.7400010785270457,0.602645024707505,0.07003948599610631,-0.39980151136092423,0.2083896240212154,-0.3927824138889741,-0.1784118309215575,-0.6225509549692695,-0.04717814057673026,0.5008879486863842,-0.4442437571491371,0.24910110818779865,-0.462414076994557,-0.4246342156126677,-0.3596738353311131,-0.44089786442922907,-0.037365215311999427,-0.0038255065579588738,0.13151681860075962,0.39576217612545334,-0.3611544684833858,-0.35552373351173405,-0.28280537174478215,-0.25768287550756463
-0.4946491664836884,-0.5418661917092132,-0.09926843736338407,-0.3749012653703664,-0.4042570332493705,-0.39980151136092423,-0.4663574371229135,0.30521945537869327,-0.567417913940475,-0.7188857949229168,-0.5678546129227638,-0.3451707023413209,-0.586872075037065,-0.3714275452443068,-0.6191469288464088,-0.6159159428569473,-0.5550954518011822,-0.6218336764128988,-0.4096828964565649,-0.43075203842616255,-0.16559405095075408,-0.04250539365344587,-0.5509135959916055,-0.5541708396194253,-0.44471241425530383,-0.5753273037841943
-0.4946491664836884,-0.5418661917092132,-0.518903195308599,-0.3749012653703664,-0.8785535524948473,-0.39980151136092423,-0.9161888112189994,-0.3927824138889741,-0.3054342253767142,-0.33354643510832743,-0.5990952012635258,-0.3240192360656283,-0.647998496989034,0.7317345053016585,-0.6191469288464088,-0.6506944387195436,-0.5062400476836649,-0.6993775958344716,-0.5958417370288477,-0.6442153043602643,-0.6112603552780246,8.336139322707862,-0.6774196809970853,-0.6866022436912195,-0.6605884709359995,-0.6812087798764042
-0.4946491664836884,-0.5418661917092132,-0.518903195308599,-0.3749012653703664,-0.8785535524948473,-0.39980151136092423,-0.9161888112189994,-0.3927824138889741,-0.5991735125542642,-0.5262161150156222,-0.6095087307104465,-0.3874736348927062,-0.647998496989034,-0.4403751734034297,-0.7534893732908531,-0.6854729345821399,-0.6039508559186996,-0.6993775958344716,-0.5958417370288477,-0.6442153043602643,-0.6112603552780246,-0.4292120728701216,-0.4876605534888656,-0.4879551375835282,-0.49868142842547775,-0.3635643515997745
0.5017921147361605,0.6346370572158491,0.3203663205818308,-0.3749012653703664,0.7340546129397738,0.6235436415720836,0.5457631545932798,1.0032213246463606,0.075632957988756,0.24446260461355668,-0.02635108168288892,0.014404224345453761,-0.13861164738929185,0.2835749222673601,0.2988597748572944,0.1666002140514693,0.5685788429017157,-0.053178267321365276,1.4519055092662627,1.7038806209148558,1.0228494272553008,0.39576217612545334,0.20812291404127323,0.2404175848113396,0.0949777274464351,-0.04591992332314482
-0.4946491664836884,-0.5418661917092132,-0.518903195308599,-0.3749012653703664,-0.5939756409475613,-0.39980151136092423,-0.578815280646935,-0.3927824138889741,-0.646806910474948,-0.8152206348765642,-0.6407493190512085,-0.45092803371978407,-0.586872075037065,-0.4403751734034297,-0.6863181510686309,-0.702862182513438,-0.7993724723887687,-0.6218336764128988,-0.5958417370288477,-0.6442153043602643,-0.6112603552780246,-0.4292120728701216,-0.6774196809970853,-0.6866022436912195,-0.6605884709359995,-0.6812087798764042
2.4946746771758583,2.987643555065974,2.83817486825312,-0.3749012653703664,1.872366259128918,0.6235436415720836,2.1201729639295808,0.30521945537869327,2.631958646398785,1.5931503639646198,2.3895877500027067,0.4797364824106916,3.162215138017037,2.9035847923140277,3.0304894785609964,3.261886345822539,1.5456869252520617,4.030801488881466,1.2657466686939798,1.490417354980754,3.548291818443167,0.42154262140656507,3.6870402516919674,3.882281196785679,4.1426537902094775,0.2717245049534849
-0.4946491664836884,-0.5418661917092132,-0.518903195308599,-0.3749012653703664,-0.11967912170208442,-0.39980151136092423,-0.016526063026827548,-0.3927824138889741,-0.3689454226042926,-0.42988127506197477,-0.3908246123251124,-0.23941337096285778,-0.4238682831651474,-0.19905847484649977,-0.35046203995752,-0.37246647181877324,-0.26196302709607844,-0.4150498912887048,-0.4096828964565649,-0.43075203842616255,-0.4627049205022678,0.16373816859544787,-0.5509135959916055,-0.5541708396194253,-0.5526504425956517,-0.5753273037841943
0.0035714741262360514,0.04638543275331791,0.3203663205818308,-0.3749012653703664,0.3546173975433924,-0.39980151136092423,0.3208474675452369,-0.3927824138889741,1.4331847987282436,1.8821548838255617,1.5252648059082912,0.4797364824106916,2.0415640688976042,0.45594399266516716,2.090092367449886,2.13158523028816,1.2036990964294407,2.53161904673106,0.3349524658325661,0.4231010253102448,0.5771831229280302,-0.119846729496781,1.5996898491015508,1.6971630296010753,1.660079138381478,1.9658281224288432
0.0035714741262360514,0.04638543275331791,-0.09926843736338407,-0.3749012653703664,-0.11967912170208442,-0.39980151136092423,-0.016526063026827548,-0.3927824138889741,1.2108956084317193,1.5931503639646198,1.3898889230983225,0.6066452800648474,1.613679115233821,0.18015348002867582,1.5975034044869234,1.783800271662197,1.594542329369579,1.807875798796381,0.5211113064048488,0.6365642912443467,0.4286276881522733,-0.19718806534011615,1.8527020191125103,1.9620258377446635,1.606110124211304,1.6481836941522134
-0.4946491664836884,-0.5418661917092132,-0.518903195308599,-0.3749012653703664,-0.783694248645752,-0.39980151136092423,-0.8037309676949779,-0.3927824138889741,-0.5991735125542642,-0.7188857949229168,-0.5886816718166051,-0.3874736348927062,-0.586872075037065,-0.4403751734034297,-0.6415373362538161,-0.6506944387195436,-0.6528062600362169,-0.6218336764128988,-0.5958417370288477,-0.6442153043602643,-0.6112603552780246,-0.4292120728701216,-0.6141666384943454,-0.6203865416553224,-0.6066194567658255,-0.5753273037841943
2.992895317785783,3.575895179528505,2.83817486825312,2.557737604863248,4.243848855356302,4.716924253304114,3.3572092426938167,9.37924375585837,1.5046348956092692,2.4601639235474457,1.1087236280314643,0.5220394149620768,1.1857941615700376,2.4898990233592904,1.575112997079516,1.4707938088988304,1.6433977334870964,1.3167643091264203,2.1965408715553933,2.557733684651263,2.0627374706855983,0.8340297459043525,1.3466776790905912,1.432300221457487,1.3902340675306086,1.118776313691164
-0.4946491664836884,-0.5418661917092132,-0.518903195308599,-0.3749012653703664,-0.6888349447966566,-0.39980151136092423,-0.6912731241709564,-0.3927824138889741,-0.1466562323077683,0.24446260461355668,-0.2866893178559057,-0.15480750586008726,-0.38311733519716806,0.18015348002867582,-0.35046203995752,-0.2855202321622825,-0.11539681474352653,-0.3633539450076563,-0.4096828964565649,-0.43075203842616255,-0.4627049205022678,0.7309079647799055,-0.17139534097516612,-0.15687662740404285,-0.22883635757460827,0.059961552769065084
0.0035714741262360514,0.04638543275331791,-0.09926843736338407,-0.3749012653703664,-0.21453842555117977,-0.39980151136092423,-0.2414417500748705,-0.3927824138889741,0.909217421600722,1.2078110041500303,0.9004530390930507,0.37397915103222845,0.9820394217301408,0.52489162082429,1.172085663746183,1.4186260651049358,1.0571328840768888,1.5493960673911384,0.7072701469771316,0.8500275571784485,0.4286276881522733,0.03483594218988927,1.7261959341070305,1.8295944336728693,1.4981720958709563,1.6481836941522134
0.5017921147361605,0.6346370572158491,0.7400010785270457,0.602645024707505,0.44947670139248774,0.6235436415720836,0.4333053110692584,-0.3927824138889741,0.41700564308698973,0.8224716443354408,0.4943253906631446,0.5008879486863842,0.30964878025848125,0.0077844096308687305,0.4555926267091462,0.5665529164713267,0.764000459371785,0.4379332223485955,0.14879362526028334,0.20963775937614296,0.2800722533765165,-0.14562717477789272,0.14486987153853334,0.17420188277544252,0.20291575578678286,0.16584302886127497
1.0000127553460851,1.2228886816783802,0.7400010785270457,1.5801913147853763,1.3980697398834414,0.6235436415720836,1.3329680592614301,2.3992250631816954,2.981270231150466,2.2674942436401513,2.222971278851976,1.3892495322654745,2.184192386785532,5.489120848281134,3.0976607007832184,2.9488798830591727,3.744180110540341,2.4023791810284387,1.4519055092662627,1.7038806209148558,1.0228494272553008,1.143395089277693,2.6749915716481287,2.822829964211326,2.199769280083217,3.8716946920886213
-0.4946491664836884,-0.5418661917092132,-0.518903195308599,-0.3749012653703664,-0.5939756409475613,-0.39980151136092423,-0.578815280646935,-0.3927824138889741,-0.3054342253767142,-0.044541915247385384,-0.27627578840898503,-0.23941337096285778,-0.2812399652772196,-0.4403751734034297,-0.3280716325501126,-0.26813098423098436,-0.31081843121359576,-0.23411407930503503,-0.4096828964565649,-0.43075203842616255,-0.4627049205022678,-0.4292120728701216,-0.10814229847242623,-0.09066092536814578,-0.17486734340443438,-0.04591992332314482
-0.4946491664836884,-0.5418661917092132,-0.518903195308599,-0.3749012653703664,-0.8785535524948473,-0.39980151136092423,-0.9161888112189994,-0.3927824138889741,-0.5515401146335804,-0.6225509549692695,-0.6303357896042878,-0.3874736348927062,-0.647998496989034,-0.13011084668737694,-0.6863181510686309,-0.702862182513438,-0.6528062600362169,-0.6993775958344716,-0.5958417370288477,-0.6442153043602643,-0.6112603552780246,2.8964653683932893,-0.6774196809970853,-0.6866022436912195,-0.6605884709359995,-0.6812087798764042
3.9893365990056315,4.752398428453567,5.775618173869624,5.490376475096862,3.2952558168653483,4.716924253304114,3.3572092426938167,0.30521945537869327,-0.3213120246836088,-0.33354643510832743,-0.27627578840898503,-0.21826190468716516,-0.24048901730924027,-0.4059013593238683,-0.26090041032789046,-0.19857399250579177,-0.21310762297856115,-0.18241813302398655,1.079587828121697,1.2769540890466522,1.617071166358328,-0.3776511823078982,-0.10814229847242623,-0.09066092536814578,0.14894674161660898,-0.04591992332314482
-0.4946491664836884,-0.5418661917092132,-0.518903195308599,-0.3749012653703664,-0.5939756409475613,-0.39980151136092423,-0.578815280646935,-0.3927824138889741,-0.1466562323077683,0.24446260461355668,-0.09924578781133361,-0.1759589721357799,-0.09786069942131248,-0.4403751734034297,-0.05938674366122389,-0.04207076112410846,0.031169397609025377,-0.07902624046188952,0.14879362526028334,-0.0038255065579588738,-0.01703861617499723,-0.4292120728701216,0.27137595654401314,0.2404175848113396,0.14894674161660898,0.2717245049534849
0.0035714741262360514,0.04638543275331791,-0.09926843736338407,0.602645024707505,-0.21453842555117977,-0.39980151136092423,-0.12898390655084904,-0.3927824138889741,-0.3213120246836088,-0.5262161150156222,-0.2554487295151437,-0.15480750586008726,-0.2812399652772196,-0.4059013593238683,-0.26090041032789046,-0.26813098423098436,-0.21310762297856115,-0.28581002558608354,0.14879362526028334,0.20963775937614296,-0.01703861617499723,-0.3776511823078982,-0.234648383477906,-0.22309232943993992,-0.28280537174478215,0.059961552769065084
-0.4946491664836884,-0.5418661917092132,-0.518903195308599,-0.3749012653703664,-0.783694248645752,-0.39980151136092423,-0.8037309676949779,-0.3927824138889741,-0.6150513118611588,-0.6225509549692695,-0.6199222601573672,-0.42977656744409143,-0.6072475490210546,-0.4403751734034297,-0.7087085584760383,-0.7202514304447362,-0.7993724723887687,-0.6476816495534231,-0.5958417370288477,-0.6442153043602643,-0.6112603552780246,-0.4292120728701216,-0.6141666384943454,-0.6203865416553224,-0.6066194567658255,-0.5753273037841943
-0.4946491664836884,-0.5418661917092132,-0.518903195308599,-0.3749012653703664,-0.4042570332493705,-0.39980151136092423,-0.4663574371229135,0.30521945537869327,-0.567417913940475,-0.7188857949229168,-0.5678546129227638,-0.3028677697899357,-0.6072475490210546,-0.3714275452443068,-0.6191469288464088,-0.6159159428569473,-0.5062400476836649,-0.6476816495534231,-0.5958417370288477,-0.6442153043602643,-0.6112603552780246,-0.04250539365344587,-0.6141666384943454,-0.6203865416553224,-0.6066194567658255,-0.5753273037841943
-0.4946491664836884,-0.5418661917092132,-0.518903195308599,-0.3749012653703664,-0.4042570332493705,-0.39980151136092423,-0.353899593598892,-0.3927824138889741,-0.09108393473363723,-0.14087675520103274,-0.10965931725825429,-0.19711043841147252,0.00401667049863595,-0.026689404448692687,0.0077844785609982965,0.010096982669785981,-0.21310762297856115,0.1277575446623045,-0.22352405588428217,-0.2172887724920607,-0.3141494857265109,0.11217727803322441,-0.044889255969686334,-0.0244452233322487,-0.12089832923426048,-0.04591992332314482
-0.4946491664836884,-0.5418661917092132,-0.518903195308599,-0.3749012653703664,-0.4042570332493705,0.6235436415720836,-0.578815280646935,-0.3927824138889741,0.6631115323438559,4.0015213628058035,0.36936303730009656,0.8604628753731588,-0.26086449129322997,0.18015348002867582,0.6347158859684053,0.6534991561278174,2.229662582897304,-0.2082661061645108,-0.5958417370288477,-0.6442153043602643,-0.6112603552780246,0.009055496908777608,0.4611350840522328,0.5052803929549279,0.31085378412713066,1.224657789783374
-0.4946491664836884,-0.5418661917092132,-0.09926843736338407,-0.3749012653703664,1.2083511321852507,3.6935791003711067,0.7706788416413228,1.701223193914028,-0.20222852988189938,-0.14087675520103274,-0.20338108228054033,-0.1759589721357799,-0.11823617340530215,-0.16458466076693834,-0.08177715106863129,-0.16379549664319548,-0.21310762297856115,-0.13072218674293803,-0.5958417370288477,-0.6442153043602643,-0.4627049205022678,0.009055496908777608,-0.6774196809970853,-0.6866022436912195,-0.6066194567658255,-0.6812087798764042
-0.4946491664836884,-0.5418661917092132,-0.518903195308599,-0.3749012653703664,-0.8785535524948473,-0.39980151136092423,-0.9161888112189994,-0.3927824138889741,-0.10696173404053182,0.14812776465990932,-0.5470275540289224,-0.21826190468716516,-0.647998496989034,1.2488417164950798,-0.5071948918093718,-0.5637481990630528,-0.26196302709607844,-0.6993775958344716,-0.5958417370288477,-0.6442153043602643,-0.6112603552780246,8.000993534053409,-0.6774196809970853,-0.6866022436912195,-0.6605884709359995,-0.6812087798764042
2.4946746771758583,0.6346370572158491,1.9989053523626903,5.490376475096862,1.4929290437325367,-0.39980151136092423,1.8952572768815377,3.7952288017170304,-0.4721511180991074,-0.8152206348765642,-0.41165167121895374,-0.4720794999954767,-0.1997380693412609,-0.23353228892606118,-0.4400236695871496,-0.45941271147526397,-0.7505170682712515,-0.28581002558608354,0.5211113064048488,-0.2172887724920607,0.2800722533765165,0.11217727803322441,-0.2979014259806459,-0.5541708396194253,-0.33677438591495606,-0.04591992332314482
-0.4946491664836884,-0.5418661917092132,-0.518903195308599,-0.3749012653703664,-0.783694248645752,-0.39980151136092423,-0.8037309676949779,-0.3927824138889741,-0.511845616366344,-0.33354643510832743,-0.5157869656881604,-0.3451707023413209,-0.5257456530850959,-0.4403751734034297,-0.574366114031594,-0.5637481990630528,-0.5550954518011822,-0.5442897569913261,-0.5958417370288477,-0.6442153043602643,-0.6112603552780246,-0.4292120728701216,-0.4876605534888656,-0.4879551375835282,-0.49868142842547775,-0.3635643515997745
-0.4946491664836884,-0.5418661917092132,-0.518903195308599,-0.3749012653703664,-0.783694248645752,-0.39980151136092423,-0.8037309676949779,-0.3927824138889741,-0.6229902115146061,-0.9115554748302116,-0.5990952012635258,-0.3874736348927062,-0.6072475490210546,-0.4403751734034297,-0.6639277436612235,-0.6680836866508417,-0.6528062600362169,-0.6476816495534231,-0.5958417370288477,-0.6442153043602643,-0.6112603552780246,-0.4292120728701216,-0.6141666384943454,-0.6203865416553224,-0.6066194567658255,-0.5753273037841943
-0.4946491664836884,-0.5418661917092132,-0.518903195308599,-0.3749012653703664,-0.4042570332493705,-0.39980151136092423,-0.353899593598892,-0.3927824138889741,-0.28955642606981963,-0.42988127506197477,-0.213794611727461,-0.13365603958439465,-0.22011354332525057,-0.4403751734034297,-0.39524285477233484,-0.3550772238874751,-0.3596738353311131,-0.33750597186713205,-0.5958417370288477,-0.6442153043602643,-0.6112603552780246,-0.4292120728701216,-0.42440751098612567,-0.42173943554763116,-0.44471241425530383,-0.25768287550756463
-0.4946491664836884,-0.5418661917092132,-0.518903195308599,-0.3749012653703664,-0.30939772940027516,-0.39980151136092423,-0.2414417500748705,-0.3927824138889741,-0.1625340316146629,-0.2372115951546801,-0.06800519947057161,-0.049050174481624124,0.024392144482625635,-0.4403751734034297,-0.28329081773529785,-0.26813098423098436,-0.31081843121359576,-0.23411407930503503,-0.5958417370288477,-0.6442153043602643,-0.6112603552780246,-0.4292120728701216,-0.2979014259806459,-0.289308031475837,-0.33677438591495606,-0.04591992332314482
-0.4946491664836884,-0.5418661917092132,-0.518903195308599,-0.3749012653703664,-0.783694248645752,-0.39980151136092423,-0.8037309676949779,-0.3927824138889741,-0.5594790142870277,-0.42988127506197477,-0.5678546129227638,-0.3874736348927062,-0.5664966010530752,-0.4403751734034297,-0.6415373362538161,-0.6333051907882454,-0.6528062600362169,-0.5959857032723745,-0.5958417370288477,-0.6442153043602643,-0.6112603552780246,-0.4292120728701216,-0.5509135959916055,-0.5541708396194253,-0.5526504425956517,-0.4694458276919844
0.0035714741262360514,0.04638543275331791,-0.09926843736338407,-0.3749012653703664,0.16489878984520168,0.6235436415720836,0.09593178049719393,-0.3927824138889741,-0.18635073057500479,0.05179292470626197,-0.13048637615209563,-0.07020164075731676,-0.11823617340530215,-0.4403751734034297,-0.05938674366122389,-0.059460009055406604,-0.017686006508491926,-0.07902624046188952,-0.22352405588428217,-0.2172887724920607,-0.3141494857265109,-0.4292120728701216,-0.4876605534888656,-0.4879551375835282,-0.49868142842547775,-0.5753273037841943
-0.4946491664836884,-0.5418661917092132,-0.518903195308599,-0.3749012653703664,-0.5939756409475613,-0.39980151136092423,-0.578815280646935,-0.3927824138889741,-0.646806910474948,-0.8152206348765642,-0.6407493190512085,-0.45092803371978407,-0.586872075037065,-0.4403751734034297,-0.6863181510686309,-0.702862182513438,-0.7993724723887687,-0.6218336764128988,-0.5958417370288477,-0.6442153043602643,-0.6112603552780246,-0.4292120728701216,-0.6774196809970853,-0.6866022436912195,-0.6605884709359995,-0.6812087798764042
-0.4946491664836884,-0.5418661917092132,-0.518903195308599,-0.3749012653703664,-0.4042570332493705,-0.39980151136092423,-0.353899593598892,-0.3927824138889741,-0.6150513118611588,-0.7188857949229168,-0.6095087307104465,-0.45092803371978407,-0.5461211270690856,-0.4403751734034297,-0.6415373362538161,-0.6680836866508417,-0.7993724723887687,-0.5701377301318503,-0.5958417370288477,-0.6442153043602643,-0.6112603552780246,-0.4292120728701216,-0.6774196809970853,-0.6866022436912195,-0.6605884709359995,-0.6812087798764042
1.0000127553460851,0.6346370572158491,2.83817486825312,0.602645024707505,1.1134918283361552,-0.39980151136092423,1.2205102157374088,1.0032213246463606,0.8457062243731437,-0.14087675520103274,0.8900395096461301,0.16246448827530216,1.3487979534419552,0.8006821334607813,0.9481815896721089,0.8273916354407989,1.0082774799593714,0.696412953753838,1.079587828121697,0.4231010253102448,5.033846166200736,0.18951861387655955,1.2201715940851114,0.8363589031344133,2.9013664642954775,0.9070133615067442
0.5017921147361605,0.6346370572158491,0.7400010785270457,0.602645024707505,0.7340546129397738,0.6235436415720836,0.6582209981173014,1.0032213246463606,-0.3610065229508453,-0.42988127506197477,-0.33875696509050907,-0.19711043841147252,-0.38311733519716806,-0.302479917085184,-0.3280716325501126,-0.3202987280248788,-0.16425221886104385,-0.38920191814818056,0.14879362526028334,0.20963775937614296,-0.01703861617499723,-0.14562717477789272,-0.2979014259806459,-0.289308031475837,-0.22883635757460827,-0.3635643515997745
-0.4946491664836884,-0.5418661917092132,-0.518903195308599,-0.3749012653703664,-0.5939756409475613,-0.39980151136092423,-0.578815280646935,-0.3927824138889741,-0.646806910474948,-0.8152206348765642,-0.6407493190512085,-0.45092803371978407,-0.586872075037065,-0.4403751734034297,-0.6863181510686309,-0.702862182513438,-0.7993724723887687,-0.6218336764128988,-0.5958417370288477,-0.6442153043602643,-0.6112603552780246,-0.4292120728701216,-0.6774196809970853,-0.6866022436912195,-0.6605884709359995,-0.6812087798764042
0.0035714741262360514,0.04638543275331791,-0.09926843736338407,-0.3749012653703664,-0.21453842555117977,-0.39980151136092423,-0.2414417500748705,-0.3927824138889741,0.17089975383012354,0.7261368043817934,0.24440068393704853,-0.07020164075731676,0.3503997282264606,-0.3714275452443068,0.11973651559803528,0.25354645370796003,0.031169397609025377,0.36038930292702276,0.3349524658325661,0.4231010253102448,0.13151681860075962,-0.3776511823078982,0.7141472540631923,0.7701432010985162,0.5267298408078263,0.6952504093223245
1.996454036565934,2.399391930603443,1.5792705944174754,1.5801913147853763,2.5363813860725855,3.6935791003711067,2.457546494501645,1.0032213246463606,1.8301297814006086,3.03817296326933,2.0147006899135627,0.5854938137891548,2.734330184353254,0.24910110818779865,2.493119700783219,2.5663164285706133,1.3502653087819927,3.1002744558225936,2.9411762338445246,3.4115867483876703,2.508403775012869,-0.22296851062122786,1.97920810411799,2.0944572418164578,1.8219861808919997,1.8599466463366332
0.0035714741262360514,0.04638543275331791,-0.09926843736338407,-0.3749012653703664,2.44152208222349,-0.39980151136092423,2.7949200250737096,0.30521945537869327,3.7434045978814066,2.171159403686504,4.347331286023793,0.7758570102703883,7.257685408798964,1.0419988320177112,0.9929624044869236,1.070841106478973,1.4968315211345444,0.7998048463159351,0.14879362526028334,0.20963775937614296,0.5771831229280302,-0.19718806534011615,0.7774002965659322,0.8363589031344133,0.8505439258288696,1.3305392658755837
-0.4946491664836884,-0.5418661917092132,-0.518903195308599,-0.3749012653703664,-0.783694248645752,-0.39980151136092423,-0.8037309676949779,-0.3927824138889741,-0.6626847097818426,-0.9115554748302116,-0.6511628484981292,-0.45092803371978407,-0.6276230230050442,-0.4403751734034297,-0.7310989658834457,-0.7376406783760343,-0.7993724723887687,-0.6735296226939473,-0.5958417370288477,-0.6442153043602643,-0.6112603552780246,-0.4292120728701216,-0.6774196809970853,-0.6866022436912195,-0.6605884709359995,-0.6812087798764042
-0.4946491664836884,-0.5418661917092132,-0.518903195308599,-0.3749012653703664,-0.783694248645752,-0.39980151136092423,-0.8037309676949779,-0.3927824138889741,-0.3213120246836088,-0.044541915247385384,-0.4324787301127951,-0.2605648372385504,-0.4849947051171165,0.04225822371043015,-0.4848044844019644,-0.4768019594065621,-0.40852923944863034,-0.4925938107102776,-0.5958417370288477,-0.6442153043602643,-0.6112603552780246,0.9629319723099111,-0.3611544684833858,-0.35552373351173405,-0.39074340008513,-0.1518013994153547
-0.4946491664836884,-0.5418661917092132,-0.09926843736338407,-0.3749012653703664,-0.30939772940027516,-0.39980151136092423,-0.353899593598892,0.30521945537869327,-0.42451772017842365,-0.42988127506197477,-0.41165167121895374,-0.28171630351424304,-0.40349280918115776,-0.3369537311647454,-0.462414076994557,-0.4420234635439658,-0.45738464356614766,-0.4150498912887048,-0.4096828964565649,-0.43075203842616255,-0.3141494857265109,-0.14562717477789272,-0.42440751098612567,-0.42173943554763116,-0.39074340008513,-0.4694458276919844
-0.4946491664836884,-0.5418661917092132,-0.09926843736338407,-0.3749012653703664,-0.02481981785298906,-0.39980151136092423,-0.12898390655084904,1.0032213246463606,-0.4721511180991074,-0.6225509549692695,-0.4637193184535571,-0.19711043841147252,-0.5461211270690856,-0.2680061030056226,-0.462414076994557,-0.49419120733786026,-0.31081843121359576,-0.5701377301318503,-0.4096828964565649,-0.43075203842616255,-0.3141494857265109,0.13795772331433614,-0.5509135959916055,-0.5541708396194253,-0.49868142842547775,-0.5753273037841943
-0.4946491664836884,-0.5418661917092132,-0.518903195308599,-0.3749012653703664,0.9237732206379645,2.670233947438099,0.7706788416413228,1.0032213246463606,0.027999560068072218,0.8224716443354408,0.02571656555171443,0.3951306173079211,-0.1997380693412609,-0.16458466076693834,0.5227638489313684,0.3231034454331526,1.2036990964294407,-0.1565701598834623,-0.4096828964565649,-0.43075203842616255,-0.4627049205022678,-0.14562717477789272,-0.42440751098612567,-0.42173943554763116,-0.44471241425530383,-0.3635643515997745
-0.4946491664836884,-0.5418661917092132,-0.518903195308599,-0.3749012653703664,-0.783694248645752,-0.39980151136092423,-0.8037309676949779,-0.3927824138889741,-0.21016742953534667,0.24446260461355668,-0.3595840239843504,-0.1759589721357799,-0.4442437571491371,0.14567966594911438,-0.3728524473649274,-0.3550772238874751,-0.16425221886104385,-0.44089786442922907,-0.4096828964565649,-0.43075203842616255,-0.3141494857265109,0.9113710817476877,-0.2979014259806459,-0.289308031475837,-0.28280537174478215,-0.1518013994153547
1.996454036565934,1.8111403061409113,1.9989053523626903,2.557737604863248,1.7775069552798226,0.6235436415720836,1.8952572768815377,0.30521945537869327,1.1950178091248247,1.1114761641963828,1.4107159819921637,0.62779674634054,1.613679115233821,0.3180487363469215,1.7766266637461825,1.7490217757996007,1.741108541722131,1.6786359330937597,1.6380643498385452,1.2769540890466522,2.0627374706855983,-0.14562717477789272,2.04246114662073,1.9620258377446635,2.199769280083217,2.7069984550743125
-0.4946491664836884,-0.5418661917092132,-0.518903195308599,-0.3749012653703664,-0.8785535524948473,-0.39980151136092423,-0.9161888112189994,-0.3927824138889741,-0.511845616366344,-0.5262161150156222,-0.6199222601573672,-0.36632216861701355,-0.647998496989034,-0.026689404448692687,-0.6639277436612235,-0.6854729345821399,-0.6039508559186996,-0.6993775958344716,-0.5958417370288477,-0.6442153043602643,-0.6112603552780246,3.4378547192966353,-0.6774196809970853,-0.6866022436912195,-0.6605884709359995,-0.6812087798764042
0.0035714741262360514,0.04638543275331791,-0.09926843736338407,-0.3749012653703664,-0.11967912170208442,-0.39980151136092423,-0.12898390655084904,-0.3927824138889741,-0.25780082745603045,-0.044541915247385384,-0.213794611727461,-0.006747241930238868,-0.321990913245199,-0.4403751734034297,-0.10416755847603867,-0.11162775284930104,0.2265910140790946,-0.28581002558608354,0.14879362526028334,0.20963775937614296,0.13151681860075962,-0.4292120728701216,-0.2979014259806459,-0.289308031475837,-0.28280537174478215,-0.4694458276919844
-0.4946491664836884,-0.5418661917092132,-0.518903195308599,-0.3749012653703664,-0.5939756409475613,-0.39980151136092423,-0.578815280646935,-0.3927824138889741,-0.6309291111680534,-0.7188857949229168,-0.6303357896042878,-0.45092803371978407,-0.586872075037065,-0.4403751734034297,-0.6863181510686309,-0.702862182513438,-0.7993724723887687,-0.6218336764128988,-0.5958417370288477,-0.6442153043602643,-0.6112603552780246,-0.4292120728701216,-0.6774196809970853,-0.6866022436912195,-0.6605884709359995,-0.6812087798764042
-0.4946491664836884,-0.5418661917092132,-0.518903195308599,-0.3749012653703664,-0.5939756409475613,-0.39980151136092423,-0.578815280646935,-0.3927824138889741,-0.6388680108215007,-0.8152206348765642,-0.6303357896042878,-0.45092803371978407,-0.586872075037065,-0.4403751734034297,-0.6863181510686309,-0.702862182513438,-0.7993724723887687,-0.6218336764128988,-0.5958417370288477,-0.6442153043602643,-0.6112603552780246,-0.4292120728701216,-0.6774196809970853,-0.6866022436912195,-0.6605884709359995,-0.6812087798764042
-0.4946491664836884,-0.5418661917092132,-0.518903195308599,-0.3749012653703664,-0.02481981785298906,-0.39980151136092423,0.09593178049719393,-0.3927824138889741,0.9489119198679585,0.9188064842890882,0.5672200967915894,0.6700996788919252,0.3707752022104503,1.9383179980863081,0.14212692300544266,0.21876795784536374,0.5197234387841985,0.05021362524073173,-0.22352405588428217,-0.2172887724920607,-0.3141494857265109,1.040273308153246,0.20812291404127323,0.2404175848113396,0.0949777274464351,0.48348745713790464
-0.4946491664836884,-0.5418661917092132,-0.518903195308599,-0.3749012653703664,0.07003948599610631,-0.39980151136092423,0.2083896240212154,0.30521945537869327,-0.46421221844566013,-0.6225509549692695,-0.45330578900663643,-0.2605648372385504,-0.4849947051171165,-0.302479917085184,-0.4400236695871496,-0.4768019594065621,-0.40852923944863034,-0.4925938107102776,-0.5958417370288477,-0.6442153043602643,-0.6112603552780246,0.009055496908777608,-0.6774196809970853,-0.6866022436912195,-0.6605884709359995,-0.6812087798764042
0.0035714741262360514,0.04638543275331791,0.3203663205818308,-0.3749012653703664,0.16489878984520168,0.6235436415720836,0.2083896240212154,-0.3927824138889741,0.13914415521633436,0.340797444567204,-0.1408999055990163,-0.112504573308702,-0.15898712137328153,0.9041035756994655,0.05256529337581309,-0.04207076112410846,0.031169397609025377,-0.07902624046188952,0.3349524658325661,0.4231010253102448,0.4286276881522733,1.4269799873699218,-0.044889255969686334,-0.0244452233322487,-0.0129603008939127,-0.1518013994153547
-0.4946491664836884,-0.5418661917092132,-0.518903195308599,-0.3749012653703664,-0.11967912170208442,-0.39980151136092423,-0.016526063026827548,-0.3927824138889741,-0.4800900177525547,-0.6225509549692695,-0.47413284790047777,-0.28171630351424304,-0.5053701791011062,-0.3369537311647454,-0.4848044844019644,-0.5115804552691584,-0.45738464356614766,-0.5184417838508019,-0.5958417370288477,-0.6442153043602643,-0.6112603552780246,-0.06828583893455753,-0.6774196809970853,-0.6866022436912195,-0.6605884709359995,-0.6812087798764042
-0.4946491664836884,-0.5418661917092132,-0.518903195308599,-0.3749012653703664,-0.5939756409475613,-0.39980151136092423,-0.578815280646935,-0.3927824138889741,-0.5277234156732385,-0.5262161150156222,-0.5157869656881604,-0.40862510116839884,-0.4849947051171165,-0.4403751734034297,-0.6415373362538161,-0.5985266949256491,-0.7016616641537342,-0.5184417838508019,-0.4096828964565649,-0.43075203842616255,-0.4627049205022678,-0.4292120728701216,-0.42440751098612567,-0.42173943554763116,-0.44471241425530383,-0.4694458276919844
0.5017921147361605,0.6346370572158491,0.3203663205818308,-0.3749012653703664,0.8289139167888692,2.670233947438099,0.6582209981173014,-0.3927824138889741,-0.2974953257232669,0.14812776465990932,-0.2971028473028264,-0.1759589721357799,-0.321990913245199,-0.23353228892606118,-0.28329081773529785,-0.30290948009358065,-0.26196302709607844,-0.3116579987266078,0.14879362526028334,0.20963775937614296,-0.01703861617499723,-0.04250539365344587,-0.2979014259806459,-0.289308031475837,-0.33677438591495606,-0.5753273037841943
0.5017921147361605,0.6346370572158491,0.3203663205818308,1.5801913147853763,0.9237732206379645,0.6235436415720836,1.1080523722133873,-0.3927824138889741,0.09944965694909788,0.24446260461355668,0.21316009559628651,0.05670715689683902,0.26889783229050185,-0.4059013593238683,0.3212501822647018,0.30571419750185447,0.4220126305491638,0.2311494372244015,0.3349524658325661,0.4231010253102448,0.2800722533765165,-0.40343162758900986,0.14486987153853334,0.17420188277544252,0.0949777274464351,0.48348745713790464
0.5017921147361605,0.6346370572158491,0.7400010785270457,-0.3749012653703664,0.6391953090906785,0.6235436415720836,0.5457631545932798,0.30521945537869327,0.09151075729565059,0.340797444567204,0.1402653894678418,-0.1759589721357799,0.3300242542424709,-0.23353228892606118,0.7018871081906275,0.4969959247461341,0.3731572264316465,0.5413251149106926,0.3349524658325661,0.4231010253102448,0.13151681860075962,-0.24874895590233956,0.33462899904675303,0.3728489888831338,0.5267298408078263,-0.25768287550756463
-0.4946491664836884,-0.5418661917092132,-0.518903195308599,-0.3749012653703664,-0.4042570332493705,-0.39980151136092423,-0.353899593598892,-0.3927824138889741,-0.6150513118611588,-0.7188857949229168,-0.6095087307104465,-0.45092803371978407,-0.5461211270690856,-0.4403751734034297,-0.6415373362538161,-0.6680836866508417,-0.7993724723887687,-0.5701377301318503,-0.5958417370288477,-0.6442153043602643,-0.6112603552780246,-0.4292120728701216,-0.6774196809970853,-0.6866022436912195,-0.6605884709359995,-0.6812087798764042
-0.4946491664836884,-0.5418661917092132,-0.518903195308599,-0.3749012653703664,-0.4042570332493705,-0.39980151136092423,-0.578815280646935,-0.3927824138889741,0.39318894412664784,1.400480684057325,0.20274656614936584,0.20476742082668742,0.08551856643459468,0.49041780674472857,0.05256529337581309,0.14921096612017115,0.3243018223141292,0.05021362524073173,-0.5958417370288477,-0.6442153043602643,-0.6112603552780246,0.36998173084434155,0.08161682903579345,0.10798618073954545,-0.0129603008939127,0.5893689332301145
-0.4946491664836884,-0.5418661917092132,-0.518903195308599,-0.3749012653703664,-0.5939756409475613,-0.39980151136092423,-0.578815280646935,-0.3927824138889741,-0.6309291111680534,-0.7188857949229168,-0.6303357896042878,-0.45092803371978407,-0.586872075037065,-0.4403751734034297,-0.6863181510686309,-0.702862182513438,-0.7993724723887687,-0.6218336764128988,-0.5958417370288477,-0.6442153043602643,-0.6112603552780246,-0.4292120728701216,-0.6774196809970853,-0.6866022436912195,-0.6605884709359995,-0.6812087798764042
1.0000127553460851,1.2228886816783802,1.1596358364722605,0.602645024707505,1.1134918283361552,-0.39980151136092423,0.7706788416413228,2.3992250631816954,-0.09108393473363723,-0.2372115951546801,-0.12007284670517496,-0.112504573308702,-0.13861164738929185,0.04225822371043015,-0.10416755847603867,-0.07684925698670475,-0.06654141062600923,-0.07902624046188952,0.5211113064048488,0.6365642912443467,0.2800722533765165,0.21529905915767128,0.08161682903579345,0.10798618073954545,0.14894674161660898,-0.1518013994153547
-0.4946491664836884,-0.5418661917092132,-0.518903195308599,-0.3749012653703664,-0.5939756409475613,-0.39980151136092423,-0.578815280646935,-0.3927824138889741,-0.646806910474948,-0.8152206348765642,-0.6407493190512085,-0.45092803371978407,-0.586872075037065,-0.4403751734034297,-0.6863181510686309,-0.702862182513438,-0.7993724723887687,-0.6218336764128988,-0.5958417370288477,-0.6442153043602643,-0.6112603552780246,-0.4292120728701216,-0.6774196809970853,-0.6866022436912195,-0.6605884709359995,-0.6812087798764042
0.0035714741262360514,0.04638543275331791,-0.09926843736338407,-0.3749012653703664,0.3546173975433924,-0.39980151136092423,0.4333053110692584,-0.3927824138889741,-0.07520613542674263,-0.044541915247385384,-0.015937552235968253,-0.027898708205931495,0.00401667049863595,-0.302479917085184,0.18690773782025746,0.11443247025757486,0.2265910140790946,0.05021362524073173,0.14879362526028334,0.20963775937614296,-0.01703861617499723,-0.27452940118345126,-0.044889255969686334,-0.0244452233322487,-0.12089832923426048,-0.3635643515997745
-0.4946491664836884,-0.5418661917092132,-0.518903195308599,-0.3749012653703664,0.16489878984520168,-0.39980151136092423,0.3208474675452369,-0.3927824138889741,0.2741054493249384,0.24446260461355668,0.4214306845346999,0.62779674634054,0.22814688432252248,-0.3369537311647454,0.4108118118943314,0.2883249495705563,1.0571328840768888,-0.13072218674293803,-0.4096828964565649,-0.43075203842616255,-0.3141494857265109,-0.35187073702678645,-0.044889255969686334,-0.0244452233322487,-0.0669293150640866,0.059961552769065084
-0.4946491664836884,-0.5418661917092132,-0.518903195308599,-0.3749012653703664,-0.02481981785298906,-0.39980151136092423,-0.016526063026827548,0.30521945537869327,-0.3610065229508453,-0.5262161150156222,-0.33875696509050907,-0.3028677697899357,-0.2812399652772196,-0.2680061030056226,-0.4176332621797422,-0.3898557197500714,-0.3596738353311131,-0.38920191814818056,-0.22352405588428217,-0.2172887724920607,-0.3141494857265109,-0.06828583893455753,-0.42440751098612567,-0.42173943554763116,-0.44471241425530383,-0.4694458276919844
-0.4946491664836884,-0.5418661917092132,-0.518903195308599,-0.3749012653703664,-0.5939756409475613,-0.39980151136092423,-0.578815280646935,-0.3927824138889741,0.09944965694909788,0.4371322845208514,0.1090248011270798,0.20476742082668742,0.00401667049863595,-0.13011084668737694,0.20929814522766485,0.18398946198276744,0.2754464181966119,0.1277575446623045,-0.5958417370288477,-0.6442153043602643,-0.6112603552780246,-0.119846729496781,0.018363786533053556,0.041770478703648375,-0.0669293150640866,0.48348745713790464
-0.4946491664836884,-0.5418661917092132,-0.518903195308599,-0.3749012653703664,-0.6888349447966566,-0.39980151136092423,-0.6912731241709564,-0.3927824138889741,-0.45627331879221283,-0.33354643510832743,-0.44289225955971573,-0.28171630351424304,-0.4442437571491371,-0.4403751734034297,-0.4400236695871496,-0.4420234635439658,-0.40852923944863034,-0.44089786442922907,-0.5958417370288477,-0.6442153043602643,-0.6112603552780246,-0.4292120728701216,-0.42440751098612567,-0.42173943554763116,-0.44471241425530383,-0.25768287550756463
0.0035714741262360514,0.04638543275331791,-0.09926843736338407,-0.3749012653703664,0.5443360052415831,-0.39980151136092423,0.6582209981173014,-0.3927824138889741,0.8933396222938275,0.5334671244744987,1.0462424513499402,0.7758570102703883,0.961663947746151,0.2835749222673601,1.1049144415239607,1.1230088502728675,1.4968315211345444,0.8773487657375079,0.14879362526028334,0.20963775937614296,0.13151681860075962,-0.09406628421566927,0.7141472540631923,0.7701432010985162,0.6346678691481741,0.37760598104569476
-0.4946491664836884,-0.5418661917092132,-0.518903195308599,-0.3749012653703664,-0.783694248645752,-0.39980151136092423,-0.8037309676949779,-0.3927824138889741,-0.567417913940475,-0.6225509549692695,-0.5574410834758431,-0.36632216861701355,-0.5664966010530752,-0.4403751734034297,-0.6191469288464088,-0.6159159428569473,-0.6039508559186996,-0.5959857032723745,-0.5958417370288477,-0.6442153043602643,-0.6112603552780246,-0.4292120728701216,-0.5509135959916055,-0.5541708396194253,-0.5526504425956517,-0.4694458276919844
-0.4946491664836884,-0.5418661917092132,-0.518903195308599,-0.3749012653703664,0.7340546129397738,0.6235436415720836,0.5457631545932798,1.0032213246463606,-0.3054342253767142,-0.2372115951546801,-0.307516376749747,-0.23941337096285778,-0.17936259535727123,-0.2680061030056226,-0.05938674366122389,-0.19857399250579177,-0.3596738353311131,-0.10487421360241378,-0.5958417370288477,-0.6442153043602643,-0.6112603552780246,-0.09406628421566927,-0.6141666384943454,-0.6203865416553224,-0.6066194567658255,-0.5753273037841943
-0.4946491664836884,-0.5418661917092132,-0.518903195308599,-0.3749012653703664,-0.6888349447966566,-0.39980151136092423,-0.6912731241709564,-0.3927824138889741,-0.6547458101283953,-0.8152206348765642,-0.6511628484981292,-0.45092803371978407,-0.6072475490210546,-0.4403751734034297,-0.7087085584760383,-0.7202514304447362,-0.7993724723887687,-0.6476816495534231,-0.5958417370288477,-0.6442153043602643,-0.6112603552780246,-0.4292120728701216,-0.6774196809970853,-0.6866022436912195,-0.6605884709359995,-0.6812087798764042
1.4982333959560095,1.2228886816783802,1.1596358364722605,0.602645024707505,1.3980697398834414,-0.39980151136092423,1.2205102157374088,3.097226932449363,8.300332998960155,1.1114761641963828,7.72131482682609,13.720554370994277,1.3487979534419552,10.24650719126061,1.575112997079516,1.5925185444179173,1.6433977334870964,1.49770012111009,2.382699712127676,2.1308071527830594,2.0627374706855983,0.5504448478121235,1.97920810411799,1.8295944336728693,1.714048152551652,1.3305392658755837
-0.4946491664836884,-0.5418661917092132,-0.518903195308599,-0.3749012653703664,-0.783694248645752,-0.39980151136092423,-0.8037309676949779,-0.3927824138889741,-0.5277234156732385,-0.5262161150156222,-0.5157869656881604,-0.3451707023413209,-0.5257456530850959,-0.4403751734034297,-0.574366114031594,-0.581137446994351,-0.6039508559186996,-0.5442897569913261,-0.5958417370288477,-0.6442153043602643,-0.6112603552780246,-0.4292120728701216,-0.4876605534888656,-0.4879551375835282,-0.49868142842547775,-0.3635643515997745
-0.4946491664836884,-0.5418661917092132,-0.518903195308599,-0.3749012653703664,-0.02481981785298906,1.6468887945050914,-0.2414417500748705,-0.3927824138889741,-0.3054342253767142,0.4371322845208514,-0.32834343564358837,-0.28171630351424304,-0.22011354332525057,-0.4403751734034297,-0.17133878069826086,-0.23335248836838807,-0.3596738353311131,-0.1565701598834623,-0.5958417370288477,-0.6442153043602643,-0.6112603552780246,-0.4292120728701216,-0.4876605534888656,-0.4879551375835282,-0.49868142842547775,-0.3635643515997745
-0.4946491664836884,-0.5418661917092132,-0.518903195308599,-0.3749012653703664,-0.6888349447966566,-0.39980151136092423,-0.6912731241709564,-0.3927824138889741,-0.5912346129008169,-0.6225509549692695,-0.5886816718166051,-0.42977656744409143,-0.5461211270690856,-0.4403751734034297,-0.6415373362538161,-0.6506944387195436,-0.7505170682712515,-0.5701377301318503,-0.5958417370288477,-0.6442153043602643,-0.6112603552780246,-0.4292120728701216,-0.6141666384943454,-0.6203865416553224,-0.6066194567658255,-0.5753273037841943
-0.4946491664836884,-0.5418661917092132,-0.518903195308599,-0.3749012653703664,-0.49911633709846587,-0.39980151136092423,-0.4663574371229135,1.0032213246463606,-0.27367862676292504,-0.2372115951546801,-0.213794611727461,-0.1759589721357799,-0.13861164738929185,0.14567966594911438,-0.08177715106863129,-0.11162775284930104,-0.11539681474352653,-0.10487421360241378,-0.5958417370288477,-0.6442153043602643,-0.6112603552780246,0.4988839572499001,-0.2979014259806459,-0.289308031475837,-0.33677438591495606,-0.04591992332314482
-0.4946491664836884,-0.5418661917092132,-0.09926843736338407,-0.3749012653703664,-0.49911633709846587,-0.39980151136092423,-0.4663574371229135,-0.3927824138889741,-0.5515401146335804,-0.5262161150156222,-0.5470275540289224,-0.36632216861701355,-0.5461211270690856,-0.4059013593238683,-0.5967565214390014,-0.5985266949256491,-0.6039508559186996,-0.5701377301318503,-0.4096828964565649,-0.43075203842616255,-0.3141494857265109,-0.24874895590233956,-0.5509135959916055,-0.5541708396194253,-0.49868142842547775,-0.5753273037841943
-0.4946491664836884,-0.5418661917092132,-0.09926843736338407,-0.3749012653703664,-0.49911633709846587,-0.39980151136092423,-0.4663574371229135,-0.3927824138889741,0.17883865348357084,0.24446260461355668,-0.005524022789047581,-0.09135310703300939,-0.03673427746934342,0.7662083193812199,0.03017488596840569,0.09704322232627671,0.12888020584406,0.07606159838125598,-0.037365215311999427,-0.0038255065579588738,-0.16559405095075408,0.9113710817476877,0.33462899904675303,0.3728489888831338,0.25688476995695675,0.37760598104569476
0.5017921147361605,0.6346370572158491,0.3203663205818308,0.602645024707505,-0.02481981785298906,-0.39980151136092423,0.09593178049719393,-0.3927824138889741,-0.12283953334742641,-0.044541915247385384,-0.036764611129809596,0.07785862317253164,-0.22011354332525057,-0.4403751734034297,-0.26090041032789046,-0.059460009055406604,0.12888020584406,-0.1565701598834623,0.3349524658325661,0.4231010253102448,0.13151681860075962,-0.4292120728701216,0.08161682903579345,0.10798618073954545,-0.0129603008939127,0.16584302886127497
3.4911159583957074,4.164146803991036,3.257809626198335,4.5128301850189905,3.5798337284126345,3.6935791003711067,3.3572092426938167,3.097226932449363,1.1394455115506936,1.7858200438719145,1.0774830396907022,0.3316762184808432,1.1246677396180687,0.9730512038585883,1.2840377007832198,1.296901329585849,1.3014099046644754,1.2392203897048475,1.824223190410828,2.1308071527830594,1.7656266011340849,0.18951861387655955,1.6629428916042908,1.7633787316369725,1.5521411100411302,1.8599466463366332
-0.4946491664836884,-0.5418661917092132,-0.518903195308599,-0.3749012653703664,-0.783694248645752,-0.39980151136092423,-0.8037309676949779,-0.3927824138889741,-0.567417913940475,-0.5262161150156222,-0.5678546129227638,-0.36632216861701355,-0.5664966010530752,-0.4403751734034297,-0.6191469288464088,-0.6159159428569473,-0.6039508559186996,-0.5959857032723745,-0.5958417370288477,-0.6442153043602643,-0.6112603552780246,-0.4292120728701216,-0.5509135959916055,-0.5541708396194253,-0.5526504425956517,-0.4694458276919844
-0.4946491664836884,-0.5418661917092132,-0.09926843736338407,-0.3749012653703664,-0.4042570332493705,-0.39980151136092423,-0.353899593598892,-0.3927824138889741,-0.5197845160197913,-0.42988127506197477,-0.5157869656881604,-0.3028677697899357,-0.5461211270690856,-0.4403751734034297,-0.5295852992167792,-0.5289697032004566,-0.40852923944863034,-0.5701377301318503,-0.4096828964565649,-0.43075203842616255,-0.3141494857265109,-0.4292120728701216,-0.5509135959916055,-0.5541708396194253,-0.49868142842547775,-0.5753273037841943
-0.4946491664836884,-0.5418661917092132,-0.518903195308599,-0.3749012653703664,-0.4042570332493705,0.6235436415720836,-0.4663574371229135,-0.3927824138889741,-0.5356623153266858,-0.42988127506197477,-0.5470275540289224,-0.3451707023413209,-0.5461211270690856,-0.3714275452443068,-0.5519757066241866,-0.581137446994351,-0.5550954518011822,-0.5701377301318503,-0.5958417370288477,-0.6442153043602643,-0.6112603552780246,-0.09406628421566927,-0.6141666384943454,-0.6203865416553224,-0.6066194567658255,-0.5753273037841943
9.967984286324725,7.105404926303692,8.713061479486129,4.5128301850189905,8.512517528565594,7.786959712103138,8.417812201274783,5.191232540252365,2.790736639467731,2.4601639235474457,3.274737752990964,2.9967609692181143,2.917709450209161,1.1454202742563955,2.5826813304128486,2.4793701889141224,2.083096370544752,2.5833149930121087,8.898259132157573,4.905829609926383,7.262177687837089,-0.119846729496781,3.4972811241837474,2.0282415397805607,3.0093044926358252,1.118776313691164
-0.4946491664836884,-0.5418661917092132,-0.518903195308599,-0.3749012653703664,-0.49911633709846587,-0.39980151136092423,-0.578815280646935,-0.3927824138889741,-0.43245661983187095,-0.42988127506197477,-0.4220652006658744,-0.23941337096285778,-0.4646192311331268,-0.3714275452443068,-0.5519757066241866,-0.5115804552691584,-0.45738464356614766,-0.5184417838508019,-0.22352405588428217,-0.2172887724920607,-0.3141494857265109,-0.24874895590233956,-0.3611544684833858,-0.35552373351173405,-0.39074340008513,-0.3635643515997745
-0.4946491664836884,-0.5418661917092132,-0.518903195308599,-0.3749012653703664,-0.783694248645752,-0.39980151136092423,-0.8037309676949779,-0.3927824138889741,-0.5515401146335804,-0.42988127506197477,-0.5574410834758431,-0.36632216861701355,-0.5664966010530752,-0.4403751734034297,-0.6191469288464088,-0.6159159428569473,-0.6039508559186996,-0.5959857032723745,-0.5958417370288477,-0.6442153043602643,-0.6112603552780246,-0.4292120728701216,-0.5509135959916055,-0.5541708396194253,-0.5526504425956517,-0.4694458276919844
0.5017921147361605,0.6346370572158491,0.3203663205818308,-0.3749012653703664,1.3980697398834414,1.6468887945050914,1.1080523722133873,1.0032213246463606,1.7666185841730302,2.9418381233156827,1.5773324531428945,1.2623407346113187,1.4302998493779138,1.3867369728133254,1.8437978859684048,1.8359680154560913,2.5716504117199253,1.3684602554074687,1.2657466686939798,1.490417354980754,1.1714048620310575,0.18951861387655955,1.0304124665768917,1.1012217112780016,1.0664199825095653,0.9070133615067442
-0.4946491664836884,-0.5418661917092132,-0.518903195308599,-0.3749012653703664,-0.5939756409475613,-0.39980151136092423,-0.578815280646935,-0.3927824138889741,-0.3292509243370561,-0.33354643510832743,-0.27627578840898503,-0.13365603958439465,-0.3016154392612093,-0.4403751734034297,-0.4400236695871496,-0.4246342156126677,-0.5062400476836649,-0.3633539450076563,0.14879362526028334,-0.43075203842616255,-0.01703861617499723,-0.4292120728701216,-0.17139534097516612,-0.35552373351173405,-0.22883635757460827,-0.25768287550756463
-0.4946491664836884,-0.5418661917092132,-0.518903195308599,-0.3749012653703664,-0.6888349447966566,-0.39980151136092423,-0.6912731241709564,-0.3927824138889741,-0.43245661983187095,-0.33354643510832743,-0.41165167121895374,-0.28171630351424304,-0.4442437571491371,-0.4403751734034297,-0.4400236695871496,-0.4420234635439658,-0.40852923944863034,-0.44089786442922907,-0.4096828964565649,-0.43075203842616255,-0.4627049205022678,-0.4292120728701216,-0.2979014259806459,-0.289308031475837,-0.33677438591495606,-0.1518013994153547
-0.4946491664836884,-0.5418661917092132,-0.518903195308599,-0.3749012653703664,-0.30939772940027516,-0.39980151136092423,-0.2414417500748705,-0.3927824138889741,-0.26573972710947774,-0.2372115951546801,-0.22420814117438168,-0.112504573308702,-0.26086449129322997,-0.3369537311647454,-0.03699633625381649,-0.0942385049180029,0.17773560996157728,-0.23411407930503503,-0.4096828964565649,-0.43075203842616255,-0.4627049205022678,-0.24874895590233956,-0.17139534097516612,-0.15687662740404285,-0.22883635757460827,-0.25768287550756463
-0.4946491664836884,-0.5418661917092132,-0.09926843736338407,-0.3749012653703664,-0.4042570332493705,-0.39980151136092423,-0.4663574371229135,-0.3927824138889741,-0.3848232219111872,-0.33354643510832743,-0.36999755343127105,-0.28171630351424304,-0.3423663872291887,-0.3714275452443068,-0.39524285477233484,-0.37246647181877324,-0.40852923944863034,-0.33750597186713205,-0.22352405588428217,-0.2172887724920607,0.13151681860075962,-0.27452940118345126,-0.2979014259806459,-0.289308031475837,-0.17486734340443438,-0.3635643515997745
0.0035714741262360514,0.04638543275331791,-0.09926843736338407,-0.3749012653703664,0.5443360052415831,2.670233947438099,0.4333053110692584,-0.3927824138889741,-0.3610065229508453,0.05179292470626197,-0.3595840239843504,-0.21826190468716516,-0.36274186121317836,-0.4403751734034297,-0.35046203995752,-0.37246647181877324,-0.40852923944863034,-0.33750597186713205,-0.037365215311999427,-0.0038255065579588738,-0.16559405095075408,-0.4292120728701216,-0.42440751098612567,-0.42173943554763116,-0.44471241425530383,-0.5753273037841943
-0.4946491664836884,-0.5418661917092132,-0.518903195308599,-0.3749012653703664,-0.783694248645752,-0.39980151136092423,-0.8037309676949779,-0.3927824138889741,-0.5991735125542642,-0.6225509549692695,-0.5990952012635258,-0.3874736348927062,-0.6072475490210546,-0.4403751734034297,-0.6639277436612235,-0.6680836866508417,-0.6528062600362169,-0.6476816495534231,-0.5958417370288477,-0.6442153043602643,-0.6112603552780246,-0.4292120728701216,-0.6141666384943454,-0.6203865416553224,-0.6066194567658255,-0.5753273037841943
0.0035714741262360514,0.04638543275331791,-0.09926843736338407,-0.3749012653703664,-0.21453842555117977,-0.39980151136092423,-0.12898390655084904,-0.3927824138889741,-0.25780082745603045,-0.6225509549692695,-0.15131343504593697,-0.3240192360656283,0.12626951440257406,-0.4059013593238683,0.11973651559803528,-0.007292265261512166,-0.5550954518011822,0.28284538350545,-0.037365215311999427,-0.0038255065579588738,-0.16559405095075408,-0.3776511823078982,-0.42440751098612567,-0.42173943554763116,-0.44471241425530383,-0.5753273037841943
0.0035714741262360514,0.04638543275331791,0.7400010785270457,0.602645024707505,-0.02481981785298906,-0.39980151136092423,-0.016526063026827548,0.30521945537869327,-0.5039067167128967,-0.7188857949229168,-0.4845463773473984,-0.3451707023413209,-0.4646192311331268,-0.3714275452443068,-0.5519757066241866,-0.5289697032004566,-0.5550954518011822,-0.4925938107102776,-0.037365215311999427,-0.0038255065579588738,0.2800722533765165,-0.17140762005900442,-0.42440751098612567,-0.42173943554763116,-0.28280537174478215,-0.3635643515997745
0.5017921147361605,0.6346370572158491,1.1596358364722605,1.5801913147853763,0.44947670139248774,0.6235436415720836,0.3208474675452369,0.30521945537869327,-0.40863992087152906,-0.42988127506197477,-0.41165167121895374,-0.3240192360656283,-0.38311733519716806,-0.302479917085184,-0.462414076994557,-0.4420234635439658,-0.45738464356614766,-0.4150498912887048,0.3349524658325661,0.4231010253102448,0.725738557703787,-0.06828583893455753,-0.2979014259806459,-0.289308031475837,-0.12089832923426048,-0.1518013994153547
-0.4946491664836884,-0.5418661917092132,-0.518903195308599,-0.3749012653703664,-0.783694248645752,-0.39980151136092423,-0.8037309676949779,-0.3927824138889741,-0.43245661983187095,-0.2372115951546801,-0.4220652006658744,-0.2605648372385504,-0.4646192311331268,-0.4403751734034297,-0.462414076994557,-0.4420234635439658,-0.3596738353311131,-0.4667458375697533,-0.5958417370288477,-0.6442153043602643,-0.6112603552780246,-0.4292120728701216,-0.3611544684833858,-0.35552373351173405,-0.39074340008513,-0.1518013994153547
-0.4946491664836884,-0.5418661917092132,-0.518903195308599,-0.3749012653703664,-0.21453842555117977,-0.39980151136092423,-0.2414417500748705,-0.3927824138889741,-0.03551163715950616,0.14812776465990932,0.02571656555171443,0.07785862317253164,-0.05710975145333311,-0.3369537311647454,-0.08177715106863129,-0.02468151319281031,0.08002480172654268,-0.07902624046188952,-0.22352405588428217,-0.2172887724920607,-0.16559405095075408,-0.32609029174567467,-0.044889255969686334,-0.0244452233322487,-0.0669293150640866,-0.04591992332314482
-0.4946491664836884,-0.5418661917092132,-0.518903195308599,-0.3749012653703664,1.6826476514307274,-0.39980151136092423,1.5578837463094732,3.097226932449363,3.2750095183280163,1.5931503639646198,3.4101136358009327,2.3833684472230283,2.713954710369264,2.869110978234466,3.8365441452276627,3.209718602028645,3.1090598570126153,3.126122428963118,0.14879362526028334,0.20963775937614296,-0.01703861617499723,0.18951861387655955,1.0936655090796317,1.1674374133138987,0.8505439258288696,0.9070133615067442
-0.4946491664836884,-0.5418661917092132,-0.518903195308599,-0.3749012653703664,-0.4042570332493705,-0.39980151136092423,-0.353899593598892,-0.3927824138889741,-0.6150513118611588,-0.7188857949229168,-0.6095087307104465,-0.45092803371978407,-0.5461211270690856,-0.4403751734034297,-0.6415373362538161,-0.6680836866508417,-0.7993724723887687,-0.5701377301318503,-0.5958417370288477,-0.6442153043602643,-0.6112603552780246,-0.4292120728701216,-0.6774196809970853,-0.6866022436912195,-0.6605884709359995,-0.6812087798764042
1.0000127553460851,1.2228886816783802,1.1596358364722605,0.602645024707505,1.4929290437325367,0.6235436415720836,1.4454259027854517,1.0032213246463606,0.5202113385818046,0.340797444567204,0.546393037897748,0.5431908812377695,0.30964878025848125,0.3180487363469215,1.0153528118943311,0.9143378750972896,1.6433977334870964,0.489629168629644,0.3349524658325661,0.4231010253102448,0.2800722533765165,0.03483594218988927,0.7141472540631923,0.7701432010985162,0.6346678691481741,0.5893689332301145
1.4982333959560095,1.8111403061409113,1.1596358364722605,1.5801913147853763,1.303210436034346,-0.39980151136092423,1.2205102157374088,2.3992250631816954,1.0838732139765626,0.14812776465990932,1.1712048047129882,0.5643423475134621,1.287671531489986,0.7662083193812199,0.9929624044869236,1.2795120816545507,0.764000459371785,1.49770012111009,1.6380643498385452,1.9173438868489576,1.3199602968068143,0.06061638747100101,1.97920810411799,2.0944572418164578,1.714048152551652,2.4952355028898925
-0.4946491664836884,-0.5418661917092132,-0.518903195308599,-0.3749012653703664,-0.783694248645752,-0.39980151136092423,-0.8037309676949779,-0.3927824138889741,-0.6626847097818426,-0.9115554748302116,-0.6511628484981292,-0.45092803371978407,-0.6276230230050442,-0.4403751734034297,-0.7310989658834457,-0.7202514304447362,-0.7505170682712515,-0.6735296226939473,-0.5958417370288477,-0.6442153043602643,-0.6112603552780246,-0.4292120728701216,-0.6774196809970853,-0.6866022436912195,-0.6605884709359995,-0.6812087798764042
0.0035714741262360514,0.04638543275331791,-0.09926843736338407,-0.3749012653703664,0.07003948599610631,-0.39980151136092423,-0.016526063026827548,0.30521945537869327,0.19471645279046543,0.340797444567204,-0.02635108168288892,0.05670715689683902,-0.17936259535727123,0.7662083193812199,0.23168855263507224,0.131821718188873,0.617434247019233,-0.13072218674293803,-0.037365215311999427,-0.0038255065579588738,-0.16559405095075408,0.9629319723099111,0.20812291404127323,0.2404175848113396,0.0949777274464351,-0.1518013994153547
-0.4946491664836884,-0.5418661917092132,-0.518903195308599,-0.3749012653703664,-0.6888349447966566,-0.39980151136092423,-0.6912731241709564,-0.3927824138889741,-0.6229902115146061,-0.9115554748302116,-0.5990952012635258,-0.3874736348927062,-0.6072475490210546,-0.4403751734034297,-0.6415373362538161,-0.6506944387195436,-0.6039508559186996,-0.6476816495534231,-0.5958417370288477,-0.6442153043602643,-0.6112603552780246,-0.4292120728701216,-0.6141666384943454,-0.6203865416553224,-0.6066194567658255,-0.5753273037841943
0.0035714741262360514,0.04638543275331791,-0.09926843736338407,0.602645024707505,0.7340546129397738,0.6235436415720836,0.6582209981173014,0.30521945537869327,2.179441366152289,2.8455032833620355,1.9209789248912768,1.6642185938494787,1.6340545892178107,2.179634696643238,1.9109691081906268,1.9403035030438802,2.66936121995496,1.4718521479695656,1.079587828121697,1.2769540890466522,0.725738557703787,0.3442012855632298,1.8527020191125103,1.8295944336728693,1.4981720958709563,2.3893540267976827
-0.4946491664836884,-0.5418661917092132,-0.518903195308599,-0.3749012653703664,-0.4042570332493705,-0.39980151136092423,-0.353899593598892,-0.3927824138889741,-0.25780082745603045,-0.42988127506197477,-0.17214049393977832,-0.112504573308702,-0.15898712137328153,-0.4403751734034297,-0.35046203995752,-0.3202987280248788,-0.3596738353311131,-0.28581002558608354,-0.5958417370288477,-0.6442153043602643,-0.6112603552780246,-0.4292120728701216,-0.42440751098612567,-0.42173943554763116,-0.44471241425530383,-0.25768287550756463
1.4982333959560095,1.8111403061409113,1.5792705944174754,0.602645024707505,1.2083511321852507,-0.39980151136092423,1.3329680592614301,1.0032213246463606,1.8063130824402667,1.400480684057325,2.12924951382969,0.797008476546081,2.469449022561388,0.6972606912220971,2.2244348118943305,2.531537932708017,2.229662582897304,2.5833149930121087,3.499652755561373,4.051976546189976,3.8454026879946808,-0.119846729496781,3.370775039178268,3.3525555804985023,3.76487069101826,1.9658281224288432
-0.4946491664836884,-0.5418661917092132,-0.518903195308599,-0.3749012653703664,-0.4042570332493705,-0.39980151136092423,-0.353899593598892,-0.3927824138889741,-0.6150513118611588,-0.7188857949229168,-0.6095087307104465,-0.45092803371978407,-0.5461211270690856,-0.4403751734034297,-0.6415373362538161,-0.6680836866508417,-0.7993724723887687,-0.5701377301318503,-0.5958417370288477,-0.6442153043602643,-0.6112603552780246,-0.4292120728701216,-0.6774196809970853,-0.6866022436912195,-0.6605884709359995,-0.6812087798764042
-0.4946491664836884,-0.5418661917092132,-0.518903195308599,-0.3749012653703664,-0.30939772940027516,-0.39980151136092423,-0.353899593598892,0.30521945537869327,-0.6229902115146061,-0.8152206348765642,-0.6199222601573672,-0.45092803371978407,-0.5461211270690856,-0.4059013593238683,-0.6415373362538161,-0.6680836866508417,-0.7993724723887687,-0.5701377301318503,-0.5958417370288477,-0.6442153043602643,-0.6112603552780246,-0.09406628421566927,-0.6774196809970853,-0.6866022436912195,-0.6605884709359995,-0.6812087798764042
-0.4946491664836884,-0.5418661917092132,-0.518903195308599,-0.3749012653703664,-0.30939772940027516,-0.39980151136092423,-0.2414417500748705,-0.3927824138889741,-0.3610065229508453,-0.42988127506197477,-0.33875696509050907,-0.21826190468716516,-0.2812399652772196,-0.3369537311647454,-0.3728524473649274,-0.3898557197500714,-0.3596738353311131,-0.38920191814818056,-0.5958417370288477,-0.6442153043602643,-0.6112603552780246,-0.19718806534011615,-0.4876605534888656,-0.4879551375835282,-0.49868142842547775,-0.3635643515997745
-0.4946491664836884,-0.5418661917092132,-0.518903195308599,-0.3749012653703664,-0.21453842555117977,-0.39980151136092423,-0.12898390655084904,0.30521945537869327,1.5363904942230584,1.689485203918267,1.5565053942490532,0.09901008944822427,2.734330184353254,1.6280536713702554,2.0005307378202564,1.783800271662197,0.4708680346666811,2.4023791810284387,-0.5958417370288477,-0.6442153043602643,-0.6112603552780246,0.2926403950010065,0.7141472540631923,0.7701432010985162,0.5267298408078263,1.6481836941522134
-0.4946491664836884,-0.5418661917092132,-0.518903195308599,-0.3749012653703664,-0.6888349447966566,-0.39980151136092423,-0.6912731241709564,-0.3927824138889741,-0.40863992087152906,-0.2372115951546801,-0.3908246123251124,-0.21826190468716516,-0.4238682831651474,-0.4403751734034297,-0.39524285477233484,-0.3898557197500714,-0.26196302709607844,-0.44089786442922907,-0.4096828964565649,-0.43075203842616255,-0.4627049205022678,-0.4292120728701216,-0.3611544684833858,-0.35552373351173405,-0.39074340008513,-0.25768287550756463
0.0035714741262360514,0.04638543275331791,-0.09926843736338407,-0.3749012653703664,0.25975809369429703,-0.39980151136092423,0.3208474675452369,0.30521945537869327,-0.20222852988189938,-0.2372115951546801,-0.23462167062130235,-0.15480750586008726,-0.1997380693412609,-0.061163218528254105,-0.19372918810566825,-0.23335248836838807,-0.16425221886104385,-0.2599620524455593,-0.22352405588428217,-0.2172887724920607,-0.3141494857265109,0.18951861387655955,-0.2979014259806459,-0.35552373351173405,-0.33677438591495606,-0.4694458276919844
0.5017921147361605,0.6346370572158491,0.7400010785270457,0.602645024707505,0.44947670139248774,-0.39980151136092423,0.5457631545932798,-0.3927824138889741,1.1712011101644828,1.1114761641963828,1.2753400991821948,0.4797364824106916,1.3284224794579653,0.4214701785856057,1.5079417748572939,1.6620755361431099,1.741108541722131,1.5493960673911384,1.079587828121697,1.2769540890466522,0.8742939924795439,-0.09406628421566927,2.2322202741289496,2.359320049960046,2.145800265913043,1.8599466463366332
0.5017921147361605,0.6346370572158491,0.3203663205818308,-0.3749012653703664,0.16489878984520168,-0.39980151136092423,0.3208474675452369,-0.3927824138889741,-0.3133731250301615,-0.42988127506197477,-0.24503520006822302,-0.1759589721357799,-0.26086449129322997,-0.4403751734034297,-0.12655796588344606,-0.16379549664319548,-0.06654141062600923,-0.2082661061645108,-0.037365215311999427,-0.0038255065579588738,-0.16559405095075408,-0.4292120728701216,-0.17139534097516612,-0.15687662740404285,-0.22883635757460827,-0.25768287550756463
0.0035714741262360514,0.04638543275331791,-0.09926843736338407,-0.3749012653703664,0.44947670139248774,0.6235436415720836,0.5457631545932798,-0.3927824138889741,0.6551726326904086,1.3041458441036775,0.8171448035176854,0.14131302199960954,1.2672960575059964,-0.3714275452443068,1.1944760711535902,1.1403980982041655,0.3243018223141292,1.523548094250614,0.3349524658325661,0.4231010253102448,0.2800722533765165,-0.40343162758900986,0.5876411690577126,0.6377117970267221,0.5267298408078263,0.37760598104569476
-0.4946491664836884,-0.5418661917092132,-0.518903195308599,-0.3749012653703664,-0.5939756409475613,-0.39980151136092423,-0.578815280646935,-0.3927824138889741,-0.5991735125542642,-0.7188857949229168,-0.5886816718166051,-0.36632216861701355,-0.586872075037065,-0.4403751734034297,-0.6191469288464088,-0.6159159428569473,-0.5550954518011822,-0.6218336764128988,-0.5958417370288477,-0.6442153043602643,-0.6112603552780246,-0.4292120728701216,-0.6141666384943454,-0.6203865416553224,-0.6066194567658255,-0.5753273037841943
1.4982333959560095,1.8111403061409113,2.418540110307905,2.557737604863248,0.5443360052415831,-0.39980151136092423,0.5457631545932798,0.30521945537869327,-0.22604522884224126,-0.6225509549692695,-0.213794611727461,-0.3028677697899357,-0.17936259535727123,-0.09563703260781552,-0.3280716325501126,-0.21596324043708992,-0.3596738353311131,-0.13072218674293803,1.2657466686939798,1.490417354980754,2.0627374706855983,0.11217727803322441,0.20812291404127323,0.2404175848113396,0.5806988549780001,0.5893689332301145
-0.4946491664836884,-0.5418661917092132,-0.518903195308599,-0.3749012653703664,-0.30939772940027516,-0.39980151136092423,-0.2414417500748705,-0.3927824138889741,-0.05138943646640075,-0.044541915247385384,-0.06800519947057161,-0.21826190468716516,0.10589404041858437,0.04225822371043015,0.14212692300544266,0.09704322232627671,-0.21310762297856115,0.25699741036492574,-0.22352405588428217,-0.2172887724920607,-0.16559405095075408,0.16373816859544787,-0.044889255969686334,-0.0244452233322487,-0.0669293150640866,-0.04591992332314482
1.0000127553460851,1.2228886816783802,1.1596358364722605,0.602645024707505,1.1134918283361552,1.6468887945050914,0.8831366851653443,1.0032213246463606,0.2344109510577019,0.5334671244744987,0.1090248011270798,0.03555569062114639,0.08551856643459468,0.4214701785856057,0.20929814522766485,0.25354645370796003,0.3731572264316465,0.179453490943353,1.2657466686939798,1.490417354980754,1.4685157315825712,0.39576217612545334,0.33462899904675303,0.3728489888831338,0.47276082663765234,0.16584302886127497
-0.4946491664836884,-0.5418661917092132,-0.518903195308599,-0.3749012653703664,-0.783694248645752,-0.39980151136092423,-0.8037309676949779,-0.3927824138889741,-0.44833441913876554,-0.42988127506197477,-0.5157869656881604,-0.3240192360656283,-0.5257456530850959,-0.13011084668737694,-0.5519757066241866,-0.5463589511317547,-0.5062400476836649,-0.5442897569913261,-0.5958417370288477,-0.6442153043602643,-0.6112603552780246,0.8598101911854642,-0.4876605534888656,-0.4879551375835282,-0.49868142842547775,-0.3635643515997745
-0.4946491664836884,-0.5418661917092132,-0.518903195308599,-0.3749012653703664,-0.5939756409475613,-0.39980151136092423,-0.578815280646935,-0.3927824138889741,-0.646806910474948,-0.8152206348765642,-0.6407493190512085,-0.45092803371978407,-0.586872075037065,-0.4403751734034297,-0.6863181510686309,-0.702862182513438,-0.7993724723887687,-0.6218336764128988,-0.5958417370288477,-0.6442153043602643,-0.6112603552780246,-0.4292120728701216,-0.6774196809970853,-0.6866022436912195,-0.6605884709359995,-0.6812087798764042
1.996454036565934,2.399391930603443,2.418540110307905,3.535283894941119,1.7775069552798226,0.6235436415720836,1.8952572768815377,1.0032213246463606,1.6713517883316624,1.400480684057325,1.7022948065059427,0.7547055439946957,1.939686698977656,1.283315530574641,2.202044404486923,2.1141959823568617,2.0342409664272347,2.0663555302016237,1.6380643498385452,1.9173438868489576,2.359848340237112,0.13795772331433614,2.485232444139909,2.4255357519959433,2.739459421784956,3.4481687877197817
1.4982333959560095,1.8111403061409113,1.1596358364722605,0.602645024707505,0.9237732206379645,-0.39980151136092423,1.1080523722133873,-0.3927824138889741,1.9333354768954234,1.0151413242427354,2.4312418677903893,1.0719775381300851,2.6528282884172953,-0.061163218528254105,2.9857086637461814,3.2966648416851356,2.962493644660064,3.332906214087312,3.1273350744168074,3.625050014321772,2.656959209788626,-0.32609029174567467,3.750293294194707,3.9484968988215763,3.710901676848086,2.283472550705473
-0.4946491664836884,-0.5418661917092132,-0.518903195308599,-0.3749012653703664,-0.5939756409475613,-0.39980151136092423,-0.578815280646935,-0.3927824138889741,-0.646806910474948,-0.8152206348765642,-0.6407493190512085,-0.45092803371978407,-0.586872075037065,-0.4403751734034297,-0.6863181510686309,-0.702862182513438,-0.7993724723887687,-0.6218336764128988,-0.5958417370288477,-0.6442153043602643,-0.6112603552780246,-0.4292120728701216,-0.6774196809970853,-0.6866022436912195,-0.6605884709359995,-0.6812087798764042
-0.4946491664836884,-0.5418661917092132,-0.518903195308599,-0.3749012653703664,-0.4042570332493705,-0.39980151136092423,-0.353899593598892,-0.3927824138889741,-0.5991735125542642,-0.9115554748302116,-0.5678546129227638,-0.36632216861701355,-0.5461211270690856,-0.4403751734034297,-0.5519757066241866,-0.5985266949256491,-0.6039508559186996,-0.5701377301318503,-0.5958417370288477,-0.6442153043602643,-0.6112603552780246,-0.4292120728701216,-0.6774196809970853,-0.6866022436912195,-0.6605884709359995,-0.6812087798764042
-0.4946491664836884,-0.5418661917092132,-0.518903195308599,-0.3749012653703664,-0.49911633709846587,0.6235436415720836,-0.578815280646935,-0.3927824138889741,0.9330341205610639,4.772200082434982,0.8275583329646061,1.3892495322654745,-0.05710975145333311,-0.4403751734034297,1.239256885968405,1.2795120816545507,3.4999030899527543,0.05021362524073173,-0.5958417370288477,-0.6442153043602643,-0.6112603552780246,-0.4292120728701216,1.0304124665768917,1.1012217112780016,0.7965749116586958,2.1775910746132627
-0.4946491664836884,-0.5418661917092132,-0.518903195308599,-0.3749012653703664,-0.6888349447966566,-0.39980151136092423,-0.6912731241709564,-0.3927824138889741,-0.6626847097818426,-0.9115554748302116,-0.6511628484981292,-0.45092803371978407,-0.6276230230050442,-0.4403751734034297,-0.7087085584760383,-0.702862182513438,-0.7016616641537342,-0.6735296226939473,-0.5958417370288477,-0.6442153043602643,-0.6112603552780246,-0.4292120728701216,-0.6774196809970853,-0.6866022436912195,-0.6605884709359995,-0.6812087798764042
-0.4946491664836884,-0.5418661917092132,-0.518903195308599,-0.3749012653703664,-0.49911633709846587,-0.39980151136092423,-0.4663574371229135,-0.3927824138889741,-0.27367862676292504,-0.33354643510832743,-0.213794611727461,-0.049050174481624124,-0.3016154392612093,-0.4059013593238683,-0.28329081773529785,-0.2855202321622825,-0.21310762297856115,-0.3116579987266078,-0.22352405588428217,-0.43075203842616255,-0.3141494857265109,-0.3776511823078982,-0.17139534097516612,-0.22309232943993992,-0.22883635757460827,-0.1518013994153547
-0.4946491664836884,-0.5418661917092132,-0.518903195308599,-0.3749012653703664,-0.5939756409475613,-0.39980151136092423,-0.578815280646935,-0.3927824138889741,-0.6309291111680534,-0.7188857949229168,-0.6303357896042878,-0.45092803371978407,-0.586872075037065,-0.4403751734034297,-0.6863181510686309,-0.702862182513438,-0.7993724723887687,-0.6218336764128988,-0.5958417370288477,-0.6442153043602643,-0.6112603552780246,-0.4292120728701216,-0.6774196809970853,-0.6866022436912195,-0.6605884709359995,-0.6812087798764042
-0.4946491664836884,-0.5418661917092132,-0.518903195308599,-0.3749012653703664,-0.783694248645752,-0.39980151136092423,-0.8037309676949779,-0.3927824138889741,-0.5277234156732385,-0.33354643510832743,-0.5366140245820018,-0.3451707023413209,-0.5664966010530752,-0.4403751734034297,-0.6415373362538161,-0.6159159428569473,-0.6039508559186996,-0.5959857032723745,-0.5958417370288477,-0.6442153043602643,-0.6112603552780246,-0.4292120728701216,-0.4876605534888656,-0.4879551375835282,-0.49868142842547775,-0.3635643515997745
-0.4946491664836884,-0.5418661917092132,-0.518903195308599,-0.3749012653703664,-0.783694248645752,-0.39980151136092423,-0.8037309676949779,-0.3927824138889741,-0.5753568135939223,-0.5262161150156222,-0.5782681423696845,-0.36632216861701355,-0.586872075037065,-0.4403751734034297,-0.6415373362538161,-0.6506944387195436,-0.6528062600362169,-0.6218336764128988,-0.5958417370288477,-0.6442153043602643,-0.6112603552780246,-0.4292120728701216,-0.6141666384943454,-0.6203865416553224,-0.6066194567658255,-0.5753273037841943
2.4946746771758583,2.987643555065974,2.418540110307905,2.557737604863248,1.9672255629780133,-0.39980151136092423,2.3450886509776234,0.30521945537869327,-0.43245661983187095,-0.8152206348765642,-0.36999755343127105,-0.3240192360656283,-0.3016154392612093,-0.4059013593238683,-0.39524285477233484,-0.3550772238874751,-0.45738464356614766,-0.28581002558608354,0.5211113064048488,0.6365642912443467,0.4286276881522733,-0.35187073702678645,-0.2979014259806459,-0.289308031475837,-0.28280537174478215,-0.3635643515997745
-0.4946491664836884,-0.5418661917092132,-0.518903195308599,-0.3749012653703664,-0.6888349447966566,-0.39980151136092423,-0.6912731241709564,-0.3927824138889741,-0.45627331879221283,-0.42988127506197477,-0.4324787301127951,-0.28171630351424304,-0.4238682831651474,-0.4403751734034297,-0.4176332621797422,-0.4246342156126677,-0.40852923944863034,-0.4150498912887048,-0.5958417370288477,-0.6442153043602643,-0.6112603552780246,-0.4292120728701216,-0.42440751098612567,-0.42173943554763116,-0.44471241425530383,-0.25768287550756463
0.5017921147361605,0.6346370572158491,0.3203663205818308,-0.3749012653703664,0.3546173975433924,0.6235436415720836,0.3208474675452369,0.30521945537869327,-0.1466562323077683,0.05179292470626197,-0.24503520006822302,-0.19711043841147252,-0.24048901730924027,0.11120585186955298,-0.21611959551307566,-0.19857399250579177,-0.21310762297856115,-0.18241813302398655,0.5211113064048488,0.6365642912443467,0.4286276881522733,0.4988839572499001,-0.17139534097516612,-0.15687662740404285,-0.17486734340443438,-0.4694458276919844
-0.4946491664836884,-0.5418661917092132,-0.518903195308599,-0.3749012653703664,-0.783694248645752,-0.39980151136092423,-0.8037309676949779,-0.3927824138889741,-0.6706236094352899,-0.9115554748302116,-0.6615763779450499,-0.4720794999954767,-0.6276230230050442,-0.4403751734034297,-0.7310989658834457,-0.7202514304447362,-0.7505170682712515,-0.6735296226939473,-0.5958417370288477,-0.6442153043602643,-0.6112603552780246,-0.4292120728701216,-0.6774196809970853,-0.6866022436912195,-0.6605884709359995,-0.6812087798764042
-0.4946491664836884,-0.5418661917092132,-0.518903195308599,-0.3749012653703664,-0.5939756409475613,-0.39980151136092423,-0.578815280646935,-0.3927824138889741,-0.646806910474948,-0.8152206348765642,-0.6407493190512085,-0.45092803371978407,-0.586872075037065,-0.4403751734034297,-0.6863181510686309,-0.702862182513438,-0.7993724723887687,-0.6218336764128988,-0.5958417370288477,-0.6442153043602643,-0.6112603552780246,-0.4292120728701216,-0.6774196809970853,-0.6866022436912195,-0.6605884709359995,-0.6812087798764042
0.5017921147361605,0.6346370572158491,0.3203663205818308,1.5801913147853763,-0.11967912170208442,-0.39980151136092423,-0.016526063026827548,-0.3927824138889741,-0.4800900177525547,-0.5262161150156222,-0.47413284790047777,-0.36632216861701355,-0.4646192311331268,-0.3714275452443068,-0.574366114031594,-0.5289697032004566,-0.6039508559186996,-0.4667458375697533,0.14879362526028334,0.20963775937614296,0.13151681860075962,-0.19718806534011615,-0.3611544684833858,-0.35552373351173405,-0.33677438591495606,-0.1518013994153547
-0.4946491664836884,-0.5418661917092132,-0.518903195308599,-0.3749012653703664,0.16489878984520168,0.6235436415720836,-0.12898390655084904,1.0032213246463606,0.0597551586818614,0.340797444567204,-0.2554487295151437,-0.23941337096285778,-0.22011354332525057,1.0075250179381499,-0.26090041032789046,-0.23335248836838807,-0.31081843121359576,-0.18241813302398655,-0.22352405588428217,-0.2172887724920607,-0.3141494857265109,2.0972715646788265,-0.2979014259806459,-0.289308031475837,-0.33677438591495606,-0.3635643515997745
1.4982333959560095,1.8111403061409113,1.5792705944174754,0.602645024707505,1.587788347581632,2.670233947438099,1.3329680592614301,1.701223193914028,0.7028060306110924,1.1114761641963828,0.4943253906631446,0.1201615557239169,0.5337789940823677,1.0075250179381499,1.0377432193017384,0.9143378750972896,1.0571328840768888,0.7998048463159351,0.8934289875494144,1.0634908231125502,0.8742939924795439,0.5246644025310119,1.0304124665768917,1.1012217112780016,0.9584819541692174,0.37760598104569476
-0.4946491664836884,-0.5418661917092132,-0.518903195308599,-0.3749012653703664,-0.8785535524948473,-0.39980151136092423,-0.9161888112189994,-0.3927824138889741,-0.28955642606981963,0.14812776465990932,-0.5782681423696845,-0.28171630351424304,-0.647998496989034,0.5593654349038514,-0.574366114031594,-0.6159159428569473,-0.40852923944863034,-0.6993775958344716,-0.5958417370288477,-0.6442153043602643,-0.6112603552780246,5.809655685158914,-0.6774196809970853,-0.6866022436912195,-0.6605884709359995,-0.6812087798764042
-0.4946491664836884,-0.5418661917092132,-0.518903195308599,-0.3749012653703664,-0.6888349447966566,-0.39980151136092423,-0.6912731241709564,-0.3927824138889741,-0.3292509243370561,0.14812776465990932,-0.32834343564358837,-0.1759589721357799,-0.38311733519716806,-0.4403751734034297,-0.4400236695871496,-0.40724496768136953,-0.3596738353311131,-0.4150498912887048,-0.22352405588428217,-0.2172887724920607,-0.3141494857265109,-0.4292120728701216,-0.17139534097516612,-0.15687662740404285,-0.22883635757460827,-0.04591992332314482
0.5017921147361605,0.6346370572158491,0.3203663205818308,-0.3749012653703664,0.44947670139248774,-0.39980151136092423,0.5457631545932798,-0.3927824138889741,-0.28955642606981963,-0.5262161150156222,-0.213794611727461,-0.13365603958439465,-0.22011354332525057,-0.4059013593238683,-0.05938674366122389,-0.1290170007805992,-0.017686006508491926,-0.18241813302398655,0.14879362526028334,0.20963775937614296,-0.01703861617499723,-0.3776511823078982,-0.17139534097516612,-0.15687662740404285,-0.22883635757460827,-0.4694458276919844
-0.4946491664836884,-0.5418661917092132,-0.518903195308599,-0.3749012653703664,-0.783694248645752,-0.39980151136092423,-0.8037309676949779,-0.3927824138889741,-0.6706236094352899,-0.9115554748302116,-0.6615763779450499,-0.4720794999954767,-0.6276230230050442,-0.4403751734034297,-0.7310989658834457,-0.7202514304447362,-0.7505170682712515,-0.6735296226939473,-0.5958417370288477,-0.6442153043602643,-0.6112603552780246,-0.4292120728701216,-0.6774196809970853,-0.6866022436912195,-0.6605884709359995,-0.6812087798764042
-0.4946491664836884,-0.5418661917092132,-0.518903195308599,-0.3749012653703664,0.07003948599610631,-0.39980151136092423,0.2083896240212154,-0.3927824138889741,-0.22604522884224126,-0.33354643510832743,-0.1408999055990163,-0.13365603958439465,-0.05710975145333311,-0.4403751734034297,0.05256529337581309,-0.02468151319281031,-0.06654141062600923,-0.0014823210403167712,-0.037365215311999427,-0.0038255065579588738,-0.16559405095075408,-0.4292120728701216,-0.2979014259806459,-0.289308031475837,-0.33677438591495606,-0.04591992332314482
0.5017921147361605,0.6346370572158491,0.7400010785270457,0.602645024707505,0.3546173975433924,0.6235436415720836,0.3208474675452369,-0.3927824138889741,-0.40863992087152906,-0.33354643510832743,-0.3908246123251124,-0.3028677697899357,-0.38311733519716806,-0.4059013593238683,-0.39524285477233484,-0.40724496768136953,-0.3596738353311131,-0.4150498912887048,0.3349524658325661,0.4231010253102448,0.2800722533765165,-0.35187073702678645,-0.2979014259806459,-0.289308031475837,-0.28280537174478215,-0.3635643515997745
-0.4946491664836884,-0.5418661917092132,-0.518903195308599,-0.3749012653703664,-0.5939756409475613,-0.39980151136092423,-0.578815280646935,-0.3927824138889741,-0.6309291111680534,-0.7188857949229168,-0.6303357896042878,-0.45092803371978407,-0.586872075037065,-0.4403751734034297,-0.6863181510686309,-0.702862182513438,-0.7993724723887687,-0.6218336764128988,-0.5958417370288477,-0.6442153043602643,-0.6112603552780246,-0.4292120728701216,-0.6774196809970853,-0.6866022436912195,-0.6605884709359995,-0.6812087798764042
-0.4946491664836884,-0.5418661917092132,-0.518903195308599,-0.3749012653703664,-0.5939756409475613,-0.39980151136092423,-0.578815280646935,-0.3927824138889741,0.9965453177886423,1.9784897237792092,0.7754906857300027,0.3316762184808432,0.8801620518101924,1.0419988320177112,0.8362295526350719,0.9317271230285877,1.0082774799593714,0.8515007925969836,-0.4096828964565649,-0.43075203842616255,1.3199602968068143,0.3442012855632298,0.9671594240741519,1.0350060092421045,1.5521411100411302,1.8599466463366332
-0.4946491664836884,-0.5418661917092132,-0.518903195308599,-0.3749012653703664,-0.30939772940027516,-0.39980151136092423,-0.2414417500748705,-0.3927824138889741,-0.40070102121808177,-0.42988127506197477,-0.41165167121895374,-0.3240192360656283,-0.36274186121317836,-0.2680061030056226,-0.4176332621797422,-0.4246342156126677,-0.5062400476836649,-0.3633539450076563,-0.22352405588428217,-0.2172887724920607,-0.3141494857265109,0.03483594218988927,-0.42440751098612567,-0.42173943554763116,-0.44471241425530383,-0.4694458276919844
-0.4946491664836884,-0.5418661917092132,-0.518903195308599,-0.3749012653703664,-0.5939756409475613,-0.39980151136092423,-0.578815280646935,-0.3927824138889741,-0.646806910474948,-0.8152206348765642,-0.6407493190512085,-0.45092803371978407,-0.586872075037065,-0.4403751734034297,-0.6863181510686309,-0.702862182513438,-0.7993724723887687,-0.6218336764128988,-0.5958417370288477,-0.6442153043602643,-0.6112603552780246,-0.4292120728701216,-0.6774196809970853,-0.6866022436912195,-0.6605884709359995,-0.6812087798764042
-0.4946491664836884,-0.5418661917092132,-0.518903195308599,-0.3749012653703664,-0.6888349447966566,-0.39980151136092423,-0.6912731241709564,-0.3927824138889741,-0.41657882052497636,-0.2372115951546801,-0.44289225955971573,-0.3028677697899357,-0.4646192311331268,-0.302479917085184,-0.5071948918093718,-0.4768019594065621,-0.45738464356614766,-0.4667458375697533,-0.4096828964565649,-0.43075203842616255,-0.16559405095075408,-0.01672494837233413,-0.3611544684833858,-0.35552373351173405,-0.28280537174478215,-0.25768287550756463
0.5017921147361605,0.6346370572158491,0.7400010785270457,0.602645024707505,0.7340546129397738,0.6235436415720836,0.6582209981173014,1.0032213246463606,3.4258486117435147,3.7125168429448614,3.201843046862519,1.8545817903307125,3.162215138017037,3.179375304950519,3.9484961822646993,4.044402502730956,4.477011172303101,3.643081891773603,1.2657466686939798,1.490417354980754,0.8742939924795439,0.2926403950010065,4.509329804227586,4.743085323252341,4.196622804379651,4.93050945301072
-0.4946491664836884,-0.5418661917092132,-0.518903195308599,-0.3749012653703664,-0.4042570332493705,-0.39980151136092423,-0.353899593598892,-0.3927824138889741,0.03593845972151951,0.24446260461355668,0.1402653894678418,-0.13365603958439465,0.1873959363545431,-0.4403751734034297,-0.10416755847603867,0.07965397439497857,0.4708680346666811,-0.13072218674293803,-0.22352405588428217,-0.2172887724920607,-0.3141494857265109,-0.4292120728701216,0.08161682903579345,0.10798618073954545,-0.0129603008939127,0.2717245049534849
-0.4946491664836884,-0.5418661917092132,-0.518903195308599,-0.3749012653703664,0.16489878984520168,1.6468887945050914,-0.578815280646935,3.097226932449363,0.2979221482852803,-0.14087675520103274,-0.23462167062130235,0.28937328592945794,-0.5664966010530752,2.0762132544045535,-0.574366114031594,-0.5985266949256491,-0.5550954518011822,-0.5959857032723745,-0.4096828964565649,-0.43075203842616255,-0.4627049205022678,3.7472200626699763,-0.5509135959916055,-0.5541708396194253,-0.5526504425956517,-0.5753273037841943
-0.4946491664836884,-0.5418661917092132,-0.518903195308599,-0.3749012653703664,-0.783694248645752,-0.39980151136092423,-0.8037309676949779,-0.3927824138889741,-0.6706236094352899,-0.9115554748302116,-0.6615763779450499,-0.4720794999954767,-0.6276230230050442,-0.4403751734034297,-0.7310989658834457,-0.7202514304447362,-0.7505170682712515,-0.6735296226939473,-0.5958417370288477,-0.6442153043602643,-0.6112603552780246,-0.4292120728701216,-0.6774196809970853,-0.6866022436912195,-0.6605884709359995,-0.6812087798764042
-0.4946491664836884,-0.5418661917092132,-0.09926843736338407,-0.3749012653703664,-0.30939772940027516,0.6235436415720836,-0.4663574371229135,-0.3927824138889741,-0.5436012149801331,-0.42988127506197477,-0.5574410834758431,-0.3240192360656283,-0.586872075037065,-0.4059013593238683,-0.5967565214390014,-0.5985266949256491,-0.5062400476836649,-0.6218336764128988,-0.4096828964565649,-0.43075203842616255,-0.3141494857265109,-0.24874895590233956,-0.5509135959916055,-0.5541708396194253,-0.49868142842547775,-0.5753273037841943
-0.4946491664836884,-0.5418661917092132,-0.518903195308599,-0.3749012653703664,0.07003948599610631,1.6468887945050914,-0.12898390655084904,-0.3927824138889741,-0.44833441913876554,-0.044541915247385384,-0.4637193184535571,-0.28171630351424304,-0.4646192311331268,-0.4403751734034297,-0.462414076994557,-0.49419120733786026,-0.5062400476836649,-0.4667458375697533,-0.4096828964565649,-0.43075203842616255,-0.4627049205022678,-0.4292120728701216,-0.5509135959916055,-0.5541708396194253,-0.5526504425956517,-0.5753273037841943
-0.4946491664836884,-0.5418661917092132,-0.518903195308599,-0.3749012653703664,-0.4042570332493705,-0.39980151136092423,-0.353899593598892,-0.3927824138889741,-0.6150513118611588,-0.7188857949229168,-0.6095087307104465,-0.45092803371978407,-0.5461211270690856,-0.4403751734034297,-0.6415373362538161,-0.6680836866508417,-0.7993724723887687,-0.5701377301318503,-0.5958417370288477,-0.6442153043602643,-0.6112603552780246,-0.4292120728701216,-0.6774196809970853,-0.6866022436912195,-0.6605884709359995,-0.6812087798764042
-0.4946491664836884,-0.5418661917092132,-0.518903195308599,-0.3749012653703664,-0.49911633709846587,-0.39980151136092423,-0.4663574371229135,-0.3927824138889741,-0.5753568135939223,-0.7188857949229168,-0.5574410834758431,-0.36632216861701355,-0.5257456530850959,-0.4403751734034297,-0.5519757066241866,-0.5637481990630528,-0.5550954518011822,-0.5442897569913261,-0.5958417370288477,-0.6442153043602643,-0.6112603552780246,-0.4292120728701216,-0.6141666384943454,-0.6203865416553224,-0.6066194567658255,-0.5753273037841943
0.0035714741262360514,0.04638543275331791,-0.09926843736338407,-0.3749012653703664,-0.02481981785298906,-0.39980151136092423,0.09593178049719393,-0.3927824138889741,-0.21016742953534667,-0.42988127506197477,-0.10965931725825429,-0.23941337096285778,0.024392144482625635,-0.4403751734034297,0.27646936744988704,0.131821718188873,0.08002480172654268,0.15360551780282874,-0.22352405588428217,-0.2172887724920607,-0.3141494857265109,-0.4292120728701216,0.018363786533053556,0.041770478703648375,-0.0669293150640866,-0.25768287550756463
-0.4946491664836884,-0.5418661917092132,-0.518903195308599,-0.3749012653703664,-0.4042570332493705,-0.39980151136092423,-0.353899593598892,-0.3927824138889741,-0.6150513118611588,-0.7188857949229168,-0.6095087307104465,-0.45092803371978407,-0.5461211270690856,-0.4403751734034297,-0.6415373362538161,-0.6680836866508417,-0.7993724723887687,-0.5701377301318503,-0.5958417370288477,-0.6442153043602643,-0.6112603552780246,-0.4292120728701216,-0.6774196809970853,-0.6866022436912195,-0.6605884709359995,-0.6812087798764042
-0.4946491664836884,-0.5418661917092132,-0.518903195308599,-0.3749012653703664,-0.5939756409475613,-0.39980151136092423,-0.578815280646935,-0.3927824138889741,-0.646806910474948,-0.8152206348765642,-0.6407493190512085,-0.45092803371978407,-0.586872075037065,-0.4403751734034297,-0.6863181510686309,-0.702862182513438,-0.7993724723887687,-0.6218336764128988,-0.5958417370288477,-0.6442153043602643,-0.6112603552780246,-0.4292120728701216,-0.6774196809970853,-0.6866022436912195,-0.6605884709359995,-0.6812087798764042
-0.4946491664836884,-0.5418661917092132,-0.518903195308599,-0.3749012653703664,-0.49911633709846587,-0.39980151136092423,-0.4663574371229135,-0.3927824138889741,-0.5912346129008169,-0.9115554748302116,-0.5574410834758431,-0.3874736348927062,-0.5461211270690856,-0.4403751734034297,-0.6191469288464088,-0.6159159428569473,-0.6039508559186996,-0.5959857032723745,-0.4096828964565649,-0.43075203842616255,-0.4627049205022678,-0.4292120728701216,-0.5509135959916055,-0.5541708396194253,-0.5526504425956517,-0.5753273037841943
-0.4946491664836884,-0.5418661917092132,-0.518903195308599,-0.3749012653703664,-0.21453842555117977,-0.39980151136092423,-0.12898390655084904,-0.3927824138889741,-0.44039551948531824,-0.5262161150156222,-0.40123814177203304,-0.2605648372385504,-0.3423663872291887,-0.4403751734034297,-0.3280716325501126,-0.37246647181877324,-0.45738464356614766,-0.3116579987266078,-0.5958417370288477,-0.6442153043602643,-0.6112603552780246,-0.4292120728701216,-0.5509135959916055,-0.5541708396194253,-0.5526504425956517,-0.4694458276919844
-0.4946491664836884,-0.5418661917092132,-0.518903195308599,-0.3749012653703664,-0.5939756409475613,-0.39980151136092423,-0.578815280646935,-0.3927824138889741,-0.6309291111680534,-0.7188857949229168,-0.6303357896042878,-0.45092803371978407,-0.586872075037065,-0.4403751734034297,-0.6863181510686309,-0.702862182513438,-0.7993724723887687,-0.6218336764128988,-0.5958417370288477,-0.6442153043602643,-0.6112603552780246,-0.4292120728701216,-0.6774196809970853,-0.6866022436912195,-0.6605884709359995,-0.6812087798764042
0.0035714741262360514,0.04638543275331791,-0.09926843736338407,-0.3749012653703664,-0.02481981785298906,-0.39980151136092423,-0.016526063026827548,-0.3927824138889741,1.4411236983816909,1.3041458441036775,1.1295506869253056,0.6700996788919252,1.0839167916500891,2.041739440324992,1.4407705526350716,1.5925185444179173,1.6922531376046137,1.4718521479695656,0.5211113064048488,0.6365642912443467,0.2800722533765165,0.6277861836554587,1.2834246365878512,1.3660845194215898,1.2283270250200868,0.8011318854145344
0.5017921147361605,0.6346370572158491,0.7400010785270457,0.602645024707505,-0.02481981785298906,-0.39980151136092423,0.09593178049719393,-0.3927824138889741,-0.09108393473363723,-0.2372115951546801,0.015303036104793761,-0.15480750586008726,0.12626951440257406,-0.4059013593238683,0.05256529337581309,0.11443247025757486,-0.16425221886104385,0.25699741036492574,0.8934289875494144,1.0634908231125502,0.5771831229280302,-0.40343162758900986,0.14486987153853334,0.17420188277544252,0.14894674161660898,0.37760598104569476
-0.4946491664836884,-0.5418661917092132,-0.518903195308599,-0.3749012653703664,-0.5939756409475613,-0.39980151136092423,-0.578815280646935,-0.3927824138889741,-0.6547458101283953,-0.9115554748302116,-0.6407493190512085,-0.45092803371978407,-0.6072475490210546,-0.4403751734034297,-0.6863181510686309,-0.6854729345821399,-0.7016616641537342,-0.6476816495534231,-0.5958417370288477,-0.6442153043602643,-0.6112603552780246,-0.4292120728701216,-0.6774196809970853,-0.6866022436912195,-0.6605884709359995,-0.6812087798764042
0.0035714741262360514,0.04638543275331791,-0.09926843736338407,-0.3749012653703664,-0.21453842555117977,-0.39980151136092423,-0.12898390655084904,-0.3927824138889741,-0.353067623297398,-0.5262161150156222,-0.307516376749747,-0.3874736348927062,-0.13861164738929185,-0.3714275452443068,-0.21611959551307566,-0.23335248836838807,-0.5062400476836649,-0.07902624046188952,-0.22352405588428217,-0.2172887724920607,-0.3141494857265109,-0.300309846464563,-0.234648383477906,-0.22309232943993992,-0.28280537174478215,-0.3635643515997745
-0.4946491664836884,-0.5418661917092132,-0.518903195308599,-0.3749012653703664,-0.783694248645752,-0.39980151136092423,-0.8037309676949779,-0.3927824138889741,-0.6229902115146061,-0.9115554748302116,-0.5990952012635258,-0.3874736348927062,-0.6072475490210546,-0.4403751734034297,-0.6639277436612235,-0.6680836866508417,-0.6528062600362169,-0.6476816495534231,-0.5958417370288477,-0.6442153043602643,-0.6112603552780246,-0.4292120728701216,-0.6141666384943454,-0.6203865416553224,-0.6066194567658255,-0.5753273037841943
-0.4946491664836884,-0.5418661917092132,-0.518903195308599,-0.3749012653703664,-0.6888349447966566,-0.39980151136092423,-0.6912731241709564,-0.3927824138889741,-0.3292509243370561,0.340797444567204,-0.3491704945374297,-0.2605648372385504,-0.38311733519716806,-0.4403751734034297,-0.4400236695871496,-0.37246647181877324,-0.3596738353311131,-0.3633539450076563,-0.22352405588428217,-0.2172887724920607,-0.01703861617499723,-0.4292120728701216,-0.17139534097516612,-0.15687662740404285,-0.0669293150640866,0.16584302886127497
-0.4946491664836884,-0.5418661917092132,-0.518903195308599,-0.3749012653703664,-0.783694248645752,-0.39980151136092423,-0.8037309676949779,-0.3927824138889741,-0.4800900177525547,-0.33354643510832743,-0.47413284790047777,-0.3240192360656283,-0.4849947051171165,-0.4403751734034297,-0.5295852992167792,-0.5463589511317547,-0.6039508559186996,-0.4925938107102776,-0.5958417370288477,-0.6442153043602643,-0.6112603552780246,-0.4292120728701216,-0.42440751098612567,-0.42173943554763116,-0.44471241425530383,-0.25768287550756463
-0.4946491664836884,-0.5418661917092132,-0.518903195308599,-0.3749012653703664,-0.783694248645752,-0.39980151136092423,-0.8037309676949779,-0.3927824138889741,-0.4800900177525547,-0.2372115951546801,-0.4845463773473984,-0.3240192360656283,-0.5053701791011062,-0.4403751734034297,-0.5519757066241866,-0.5463589511317547,-0.5550954518011822,-0.5184417838508019,-0.5958417370288477,-0.6442153043602643,-0.6112603552780246,-0.4292120728701216,-0.42440751098612567,-0.42173943554763116,-0.44471241425530383,-0.25768287550756463
-0.4946491664836884,-0.5418661917092132,-0.518903195308599,-0.3749012653703664,-0.02481981785298906,0.6235436415720836,-0.016526063026827548,-0.3927824138889741,-0.3371898239905034,-0.14087675520103274,-0.3179299061966677,-0.07020164075731676,-0.38311733519716806,-0.4059013593238683,-0.35046203995752,-0.3898557197500714,-0.31081843121359576,-0.4150498912887048,-0.4096828964565649,-0.43075203842616255,-0.4627049205022678,-0.35187073702678645,-0.5509135959916055,-0.5541708396194253,-0.5526504425956517,-0.5753273037841943
0.5017921147361605,0.6346370572158491,0.3203663205818308,-0.3749012653703664,0.16489878984520168,0.6235436415720836,0.09593178049719393,-0.3927824138889741,-0.21016742953534667,0.05179292470626197,-0.19296755283361966,-0.21826190468716516,-0.1997380693412609,-0.302479917085184,-0.14894837329085348,-0.1290170007805992,-0.11539681474352653,-0.13072218674293803,0.14879362526028334,0.20963775937614296,0.13151681860075962,-0.22296851062122786,0.08161682903579345,0.10798618073954545,0.0949777274464351,-0.04591992332314482
1.0000127553460851,1.2228886816783802,1.5792705944174754,2.557737604863248,0.3546173975433924,-0.39980151136092423,0.5457631545932798,-0.3927824138889741,-0.24192302814913585,-0.5262161150156222,-0.20338108228054033,-0.21826190468716516,-0.1997380693412609,-0.23353228892606118,-0.23851000292048305,-0.16379549664319548,-0.16425221886104385,-0.1565701598834623,0.3349524658325661,0.4231010253102448,1.0228494272553008,-0.09406628421566927,0.08161682903579345,0.10798618073954545,0.3648227982973046,0.5893689332301145
-0.4946491664836884,-0.5418661917092132,-0.518903195308599,-0.3749012653703664,-0.783694248645752,-0.39980151136092423,-0.8037309676949779,-0.3927824138889741,-0.40070102121808177,-0.044541915247385384,-0.40123814177203304,-0.21826190468716516,-0.4849947051171165,-0.4403751734034297,-0.462414076994557,-0.4246342156126677,-0.26196302709607844,-0.4925938107102776,-0.5958417370288477,-0.6442153043602643,-0.6112603552780246,-0.4292120728701216,-0.2979014259806459,-0.289308031475837,-0.33677438591495606,-0.04591992332314482
-0.4946491664836884,-0.5418661917092132,-0.518903195308599,-0.3749012653703664,-0.5939756409475613,-0.39980151136092423,-0.6912731241709564,-0.3927824138889741,-0.22604522884224126,0.4371322845208514,-0.24503520006822302,-0.006747241930238868,-0.38311733519716806,-0.302479917085184,-0.14894837329085348,-0.16379549664319548,0.2265910140790946,-0.3633539450076563,-0.4096828964565649,-0.43075203842616255,-0.4627049205022678,-0.19718806534011615,-0.234648383477906,-0.22309232943993992,-0.28280537174478215,-0.04591992332314482
0.5017921147361605,0.6346370572158491,0.3203663205818308,-0.3749012653703664,0.5443360052415831,2.670233947438099,0.4333053110692584,-0.3927824138889741,-0.3292509243370561,0.14812776465990932,-0.33875696509050907,-0.21826190468716516,-0.3423663872291887,-0.23353228892606118,-0.35046203995752,-0.37246647181877324,-0.3596738353311131,-0.3633539450076563,-0.037365215311999427,-0.0038255065579588738,-0.16559405095075408,0.009055496908777608,-0.3611544684833858,-0.35552373351173405,-0.39074340008513,-0.5753273037841943
-0.4946491664836884,-0.5418661917092132,-0.518903195308599,-0.3749012653703664,-0.783694248645752,-0.39980151136092423,-0.8037309676949779,-0.3927824138889741,-0.27367862676292504,-0.044541915247385384,-0.40123814177203304,-0.28171630351424304,-0.4238682831651474,0.18015348002867582,-0.462414076994557,-0.4420234635439658,-0.45738464356614766,-0.4150498912887048,-0.4096828964565649,-0.43075203842616255,-0.4627049205022678,1.1691755345588049,-0.3611544684833858,-0.35552373351173405,-0.39074340008513,-0.25768287550756463
0.0035714741262360514,0.04638543275331791,-0.09926843736338407,-0.3749012653703664,-0.02481981785298906,0.6235436415720836,-0.016526063026827548,-0.3927824138889741,0.2344109510577019,0.8224716443354408,0.26522774283088985,0.45858501613499897,-0.016358803485353735,-0.13011084668737694,0.388421404486924,0.3231034454331526,0.764000459371785,0.07606159838125598,0.14879362526028334,0.20963775937614296,0.4286276881522733,-0.17140762005900442,0.27137595654401314,0.3066332868472367,0.3648227982973046,0.059961552769065084
1.4982333959560095,1.8111403061409113,1.1596358364722605,3.535283894941119,1.1134918283361552,3.6935791003711067,0.9955945286893658,-0.3927824138889741,1.2902846049661922,2.4601639235474457,1.462783629226767,2.573731643704262,0.14664498838656376,-0.16458466076693834,0.18690773782025746,0.2883249495705563,0.2754464181966119,0.28284538350545,2.382699712127676,2.771196950585365,1.7656266011340849,-0.32609029174567467,0.7141472540631923,0.7701432010985162,0.5267298408078263,1.5423022180600034
0.0035714741262360514,0.04638543275331791,0.3203663205818308,0.602645024707505,-0.4042570332493705,-0.39980151136092423,-0.353899593598892,-0.3927824138889741,-0.5594790142870277,-0.7188857949229168,-0.5366140245820018,-0.3451707023413209,-0.5461211270690856,-0.4403751734034297,-0.5967565214390014,-0.581137446994351,-0.5550954518011822,-0.5701377301318503,-0.22352405588428217,-0.2172887724920607,-0.01703861617499723,-0.4292120728701216,-0.4876605534888656,-0.4879551375835282,-0.39074340008513,-0.3635643515997745
1.0000127553460851,0.6346370572158491,0.7400010785270457,-0.3749012653703664,0.9237732206379645,0.6235436415720836,0.9955945286893658,0.30521945537869327,0.9727286188283004,1.400480684057325,1.1191371574783848,0.8393114090974663,1.0431658436821099,0.21462729410823722,1.3959897378202568,1.4012368171736378,1.4968315211345444,1.290916335985896,1.6380643498385452,1.7038806209148558,1.4685157315825712,-0.14562717477789272,0.903906381571412,0.7701432010985162,0.7965749116586958,-0.1518013994153547
2.4946746771758583,2.987643555065974,1.9989053523626903,2.557737604863248,2.44152208222349,1.6468887945050914,2.457546494501645,1.0032213246463606,2.957453532190124,3.03817296326933,3.2851512824378846,1.9180361891577904,3.386345351840924,0.9041035756994655,4.172400256338774,4.218294982043937,4.428155768185583,3.92740959631937,4.616605798995069,5.332756141794587,3.548291818443167,-0.17140762005900442,4.129811549211147,4.3457911110369585,3.872808719358608,3.8716946920886213
-0.4946491664836884,-0.5418661917092132,-0.518903195308599,-0.3749012653703664,-0.4042570332493705,-0.39980151136092423,-0.353899593598892,-0.3927824138889741,-0.6150513118611588,-0.7188857949229168,-0.6095087307104465,-0.45092803371978407,-0.5461211270690856,-0.4403751734034297,-0.6415373362538161,-0.6680836866508417,-0.7993724723887687,-0.5701377301318503,-0.5958417370288477,-0.6442153043602643,-0.6112603552780246,-0.4292120728701216,-0.6774196809970853,-0.6866022436912195,-0.6605884709359995,-0.6812087798764042
-0.4946491664836884,-0.5418661917092132,-0.518903195308599,-0.3749012653703664,1.1134918283361552,-0.39980151136092423,1.2205102157374088,0.30521945537869327,1.4331847987282436,0.14812776465990932,1.7647759831874665,2.975609502942422,0.4930280461143884,0.3525225504264829,0.8362295526350719,0.7056668999217118,0.764000459371785,0.6447170074727895,-0.4096828964565649,-0.43075203842616255,-0.4627049205022678,-0.17140762005900442,0.018363786533053556,0.041770478703648375,-0.0669293150640866,0.37760598104569476
0.0035714741262360514,0.04638543275331791,0.7400010785270457,0.602645024707505,-0.4042570332493705,-0.39980151136092423,-0.353899593598892,-0.3927824138889741,-0.39276212156463447,-0.5262161150156222,-0.45330578900663643,-0.3451707023413209,-0.4442437571491371,-0.061163218528254105,-0.5519757066241866,-0.49419120733786026,-0.5550954518011822,-0.44089786442922907,-0.037365215311999427,-0.0038255065579588738,0.13151681860075962,0.7566884100610173,-0.2979014259806459,-0.289308031475837,-0.0669293150640866,-0.1518013994153547
1.996454036565934,2.399391930603443,1.5792705944174754,2.557737604863248,1.9672255629780133,3.6935791003711067,1.6703415898334946,1.701223193914028,1.5363904942230584,2.9418381233156827,1.181618334159909,0.45858501613499897,1.2672960575059964,1.6625274854498167,1.4407705526350716,1.540350800624023,1.594542329369579,1.4460041748290415,4.430446958422786,5.119292875860485,4.142513557546194,0.4473230666876768,1.9159550616152503,2.0282415397805607,1.8219861808919997,2.6011169789821027
0.0035714741262360514,0.04638543275331791,-0.09926843736338407,-0.3749012653703664,-0.11967912170208442,-0.39980151136092423,-0.12898390655084904,-0.3927824138889741,-0.18635073057500479,0.05179292470626197,-0.19296755283361966,-0.13365603958439465,-0.24048901730924027,-0.23353228892606118,-0.12655796588344606,-0.14640624871189734,-0.017686006508491926,-0.2082661061645108,-0.037365215311999427,-0.0038255065579588738,-0.01703861617499723,-0.119846729496781,-0.044889255969686334,-0.0244452233322487,0.0410087132762612,-0.25768287550756463
